cookie_id,score
ck_315fb710a0e371e7,0.002468251377905297
ck_a76ee3b3e3e522fd,0.06720916841699706
ck_94c9a4d382689e82,0.04265870955247637
ck_8eaf9509ad9462a0,0.002720107024630045
ck_9a88a5a989cb5bc6,0.008763619323466537
ck_15239ef0689c1a35,0.01137366974262292
ck_8de69cd219d3b87f,0.17160635614178654
ck_f92cd37022b0ce21,0.02911809190292681
ck_1a3ff7620580a514,0.00759375608257555
ck_397c03aa33a57310,0.1011358091360954
ck_a7cf6c3b322f6b7a,0.006333314111498883
ck_c39a9e75760e3201,0.009899793881493807
ck_88ab6d245228c38e,0.0019339531151273438
ck_17733f75ebdea93e,0.0050896015769915995
ck_58eb871e8d7bed52,0.025492016607237773
ck_e55b7fa67db1ec27,0.003523479108978946
ck_62f5cfe22c952694,0.006911172511689278
ck_7fbb709a0fe95759,0.002821820478685147
ck_87abe9cd066a20fb,0.04292855582747589
ck_d58e058b5c553dd5,0.012680364406964129
ck_d27b872648b71202,0.00881821332634009
ck_4b4a3c5b95c55b43,0.002170200873578836
ck_66dd4f4b4127256d,0.002560994055809518
ck_93cc12703b500613,0.04183443822387852
ck_d28806a2179092eb,0.9849962388214053
ck_0595c2a0c7881e05,0.02578245225343493
ck_50087d8666191144,0.23138470356617002
ck_b08b3f089138c901,0.019107269611759466
ck_fe3b67041dad2dd1,0.0030658060738406566
ck_8449a28f7d475d93,0.04885574695235306
ck_8642e3b6d84f49d3,0.014053085604728253
ck_e49b5e4f2f2e79db,0.34952927974477793
ck_437afe412ea4259c,0.21728002385859765
ck_569b83668d74042d,0.5793477932930066
ck_233a487d31c3e631,0.9878921248691308
ck_1fca72e03143a645,0.968251667500374
ck_79205e31223df2ad,0.017678089235709238
ck_9625a64406ea16e3,0.004572858399141843
ck_079bd18dacb704a8,0.20408753884945866
ck_4db6d4fd2b49aa81,0.021130746183326773
ck_0dbefdac0a1868fb,0.0036709068275536764
ck_24ff97ad90bdd69a,0.05140222224003774
ck_77f8c5042065d506,0.007894635182474869
ck_f11be8ce05382cec,0.007308249241199129
ck_c9d72140b0389216,0.0421506383719488
ck_69eda24e931fb36a,0.0036877737239264775
ck_ed471e496916ee15,0.0048188213246556635
ck_ff090498c4b17ac3,0.010611487630427737
ck_c3c19d6a0720915c,0.00237995646076719
ck_af02e1817cfa40b5,0.03455668480255107
ck_2df5a9fc87553eb1,0.010929741167949696
ck_4ac918e884cff336,0.03878119861570627
ck_ca149244b54ef3ad,0.001945457528765228
ck_6babe5b8674ff51f,0.017942922763366956
ck_1573878386886290,0.0068491832669552565
ck_3925f8565abb7fe4,0.0062668794020219725
ck_c4de808ae69c771f,0.002462625625376526
ck_a777c813551281fe,0.004122794716860496
ck_df4424f6dd85080d,0.04684159406779584
ck_85e5494ec20383ae,0.022882438840478532
ck_f71a4094e889c3af,0.00633202292668566
ck_f2f3cf9cd23b2809,0.03304379532666495
ck_18e2076397bcc211,0.02304795654455185
ck_c9f9fddef39bc664,0.040232293953844915
ck_7e826e233d6ea028,0.011077610361491692
ck_62fd7eb46bee9210,0.0182868633647858
ck_206f8e3cd72768f3,0.03989640349140016
ck_aa295a11b0a6ab36,0.014133869828763903
ck_9a56739d81f84a53,0.004065293972158606
ck_aa075c418ed9fe5a,0.00939757329476759
ck_62b9fb3db284941b,0.004751746207910798
ck_f4f83b1403ebea46,0.019527332543592932
ck_16b66bd803288bc3,0.3118088314649621
ck_c4ca1434f3778f1d,0.9909486787098363
ck_1b823610371a29c0,0.0069566906436521
ck_c2bd5a722aa637d9,0.007815975133822114
ck_7890208951df34f0,0.015179735603745931
ck_020eb0e454524ecd,0.0035605075856656268
ck_3b66196ccf436c35,0.009925059516907572
ck_109fc467ec0a4af5,0.07129452656632922
ck_f3dcd818db92de7b,0.010903479104429485
ck_31e7742f160980ef,0.014208324613007191
ck_77fce5f86f00b8f4,0.2414150512479092
ck_46bc797b4d07d607,0.00448173441611147
ck_37899b1b571b1c6b,0.005478115745559183
ck_ef8a6af43fedd464,0.002993303910477637
ck_bcc8519fe8521038,0.045211405301396126
ck_90696b7182dd9129,0.009637425136783201
ck_4a24ad61d017e1ba,0.03978268304494854
ck_0acc3d8c67218b9d,0.005112491875082096
ck_05c97fc9de11aba6,0.3411232510137628
ck_f8ac3a0500c0ec62,0.01135895637515139
ck_617b65141f546a1c,0.003605036287083848
ck_9d00823bf60388d7,0.045699531219249176
ck_123c15d93f1840f2,0.1586128365717115
ck_573feefba6bf78bb,0.0461817908070309
ck_b25657bd16739036,0.014717457408219477
ck_bd26d2bef14a8597,0.008173337270594898
ck_a553418f2fba1440,0.01983643648885785
ck_89f3e380b0686963,0.00471830226803047
ck_b359192aa659bdce,0.03798835413138742
ck_02241f3dc301bebf,0.008843924941899643
ck_5ccc1a1c78cb33ee,0.05549193319437619
ck_349cc5edda1b8853,0.05512945279045075
ck_e9f228845bf6e28b,0.10368500779768433
ck_0a45d033d4e280ea,0.0313427097497984
ck_7e63168dda612235,0.004918719129947206
ck_676fa5f6aae5475b,0.005283319978388004
ck_74b502b20690ccfe,0.009635057922793946
ck_073509af21dd7f5f,0.4897786352780148
ck_498a0acd450944d8,0.0033068389700696946
ck_7f15b50b29dead01,0.007163202209348485
ck_8089fe7403c5f537,0.03450196770675206
ck_05b2b04e11d9ae9c,0.020662040825211378
ck_31e70f2f04b48b88,0.0038552269025354156
ck_994316fa5a02b319,0.0022839691509661197
ck_b76510998b9a2260,0.012318875431719159
ck_4db95c310e105d30,0.0024108972622935137
ck_6f730b77dc6cdb84,0.008146295509100553
ck_2493ee8e7b91d304,0.013724131137914816
ck_92d679d6ac7dcdcb,0.10344839069167241
ck_3a0e0200cbb185cb,0.03160200349734482
ck_0b2eeb4e00ff7955,0.02158812792678626
ck_9843d0e61c37ebe8,0.9859897466978464
ck_e61c8721e3ef1921,0.007102291704420974
ck_2e0eedaaf2980c2c,0.007480061584719571
ck_9036b2e5e9298a34,0.007684431942798193
ck_3265442528d51728,0.009229300719412196
ck_f2ddae2eb1cb29b4,0.007293333884464297
ck_6cfa71d27fc27f92,0.012949552722472942
ck_f3199fbe84a28b9a,0.0348805541802784
ck_b78d785ca3ef773a,0.011184133088021202
ck_374865697f1480eb,0.017047742309752503
ck_06d0e4a9189302a9,0.033595754919616916
ck_9c9884b9bcaa552e,0.12309880914058303
ck_fd4cf578e87703ff,0.016662861567338972
ck_1917ef3e6e345549,0.11309135448036657
ck_e70418b00cbbbac9,0.04940117645062043
ck_a60388296a47062c,0.03489782569876295
ck_d598fe8d2c779ab9,0.010103841583507476
ck_646dc03de4c31803,0.8439684996787407
ck_e4fd8cbd842b6993,0.004063030995750476
ck_2225b555aa2a42ed,0.02289977783702145
ck_6be8ae9d78148882,0.009239799084003186
ck_4199342d3aca74e8,0.05911104901208841
ck_779581adb573261f,0.007675975253199588
ck_bb303568b6915205,0.1321754369000453
ck_17c4296276448afe,0.009693844855381217
ck_a60a61ac829252a0,0.0033972425468754013
ck_6ea70950c1cae00b,0.8242546798658071
ck_1abb93f6924645e1,0.018288065240572998
ck_faab769cce19879a,0.06049155686275624
ck_d5b8e74e7ca6355a,0.015791743097361314
ck_f11f7691af16ad07,0.0031599710918807484
ck_188fdf2be7c92e9d,0.9896629587962917
ck_4a103f8254b366f7,0.008841947734721594
ck_bfa17a0b1760e616,0.0033394673335260306
ck_a4d7f6a5869d440a,0.9167714291141538
ck_58e20f5a3e7f11b8,0.8214944871641372
ck_4becdd3d2696c7ba,0.00831950801049283
ck_dad5cf32ab9f243f,0.006135306545772259
ck_7d9f73dc7c4f90c3,0.10041513099968458
ck_c19371047a2d011d,0.006250481353293295
ck_247589ff532f7aa8,0.007272181675700015
ck_7a9f241d5f082567,0.0054383425010061754
ck_0a2b7078736b4dda,0.005754957567552631
ck_687b412e2aac7eb6,0.019202271932046308
ck_fce0b6855886a0b8,0.015712312591199908
ck_e291cc60920456d0,0.09369582432695119
ck_04219a7ea798db51,0.03251504943039252
ck_286bfd719836e9f3,0.14723283695097306
ck_55efc92394fee232,0.012261752462001719
ck_e36c8da1bd359960,0.1082347411665999
ck_34b0988a97d96902,0.007420369289553501
ck_e0fb11fc9dcb34e6,0.013591586237030827
ck_bcc9cbc9ed8b7c31,0.011011506798161354
ck_3df8da6f60a89a5b,0.016397280010527013
ck_b1495ee5c59a6b28,0.019984100348703064
ck_58f4c3ac61fda129,0.05145761526832619
ck_735f244b99e3aa8d,0.015144129297221481
ck_6b93bd8abf87b1d6,0.772966488379641
ck_12107dacc6d05bd1,0.0036459909033403756
ck_f96db2a1f3448d1f,0.00976561218526803
ck_8fd91a3c99e19097,0.02855384039689569
ck_910205d25388a0ae,0.004557133815134737
ck_d229dfa0e4442628,0.005631998462488713
ck_7cdec61e1c488798,0.07091783005642127
ck_f66f06e24ff32671,0.022658126040131076
ck_350bf14e90b503f5,0.009287028058390035
ck_61fff5fdaadd394b,0.007139022680387574
ck_e934f984bad2ff91,0.4351135433896291
ck_ff6a6d3547dd2d37,0.018836604756739293
ck_65ad9b15979e3247,0.007443650742743827
ck_bbe1a2ea5a403ad8,0.34319305600413597
ck_6f3a28eecd2c4031,0.015110590334655496
ck_a89b66665714058f,0.013867479817719656
ck_918c92182b6817cd,0.01663310476443598
ck_64f5eb4be9e7b8fa,0.18018393924747184
ck_d021fd497ea35fb2,0.018663989916257492
ck_004de16f7d8a42ae,0.015954283685788707
ck_a33d2325f86ab12d,0.0033611347787442054
ck_89790ff26c844bc6,0.00599560060871265
ck_e6e7257377c37b28,0.1521247658363212
ck_a2cc3910a641a808,0.3511924507582021
ck_646e270e0195bf05,0.00614701850972356
ck_baba5d66def0d770,0.14648926176331148
ck_67cdcdda3033842d,0.12268174611332247
ck_b5c3075c811a2216,0.04962822454619017
ck_515379973a8044b8,0.008654836761396235
ck_c0ce85fb4109567d,0.016891713110025606
ck_fef850553862aaca,0.004242256049392197
ck_55d7217b0aff9fa2,0.003970940269621296
ck_8e139f8925ef7968,0.008519416473626347
ck_9e35b908fca1e4d7,0.0042312419423381434
ck_59735f4ab2ad3da5,0.03096915636932755
ck_dc569c1167ccec0d,0.5012152679224214
ck_1dade5592f90a15c,0.05503103204307943
ck_793048d11fb8b328,0.1508298570343168
ck_545b71eb4fa594b5,0.004494429490946155
ck_bd30853e9a57b544,0.0264052150478527
ck_59f46321ecf6d306,0.00806382071326686
ck_260cfe9141d249f1,0.14623826680923524
ck_3365a0ad1a8aa83c,0.004503624934409387
ck_b0ef193195a2138b,0.00949962624850045
ck_0f909705e2e60f2f,0.004000681498286241
ck_5a540b75c866166a,0.021693305116388752
ck_87c26b2f41025109,0.9575769390774824
ck_27acc9f320cda104,0.3582120817151069
ck_a27bc31eecd9cb9a,0.017437410331710798
ck_115d86fabde77b65,0.0038924037976139306
ck_eeca179341d56f8a,0.22813325868696868
ck_8e5999c436cf037e,0.0030339739645282976
ck_510e7c5df1f95d90,0.9849204557954168
ck_f1acf73363925958,0.016105970902931314
ck_3c177f5970b68bd3,0.025741901414825477
ck_9cdfaa1c30cc9d32,0.0024414195678512524
ck_c8efa1538b37c359,0.005499505980666488
ck_a8a2e296f9804bd7,0.021235595199465846
ck_91a0ca45f429568d,0.01717110560383739
ck_5fdf8a0bdbd3ed62,0.01630459775782939
ck_0f4e2ec66d50da5f,0.009903322965708412
ck_28c53b214b2ee882,0.17433445884182075
ck_003148504557f720,0.16962620269786677
ck_01d840cffb870615,0.42050919611823434
ck_555848d51f4b5f35,0.01647819046264094
ck_df20cc23b8fb8e22,0.011160620040362041
ck_f9604adde929beff,0.003965426003927444
ck_d66952b03591bdec,0.004424017713443418
ck_ddcac1ab765ff61a,0.019818339530086916
ck_347386629d96c664,0.015666115030337685
ck_ab01db9117acfe3d,0.012398021602810009
ck_58e5359efc52e0ad,0.0074596577730634845
ck_1a524b5cc8da71b3,0.13508639484729734
ck_e9287b6d909d731f,0.009626423850164432
ck_bb41a66e3d90263b,0.14414225578101073
ck_e95c8cc1864bd584,0.0027655395618958935
ck_7a3f2961e9a8b6dc,0.004067581324469539
ck_378a9df82b1e0bee,0.43108437888585843
ck_42633573639a3f02,0.9330293880052067
ck_2a5a4c18c2c7274b,0.010085845323165366
ck_77549c1a41f837c3,0.011697728032258173
ck_a26704b5b26258b7,0.01337686894690873
ck_9874ad160efddf50,0.004396058276992932
ck_9111e3a04b14dfba,0.02509769201798526
ck_651e076ee43aea85,0.006227452993699542
ck_391639c0f13932f3,0.002089788232839036
ck_02dbabda93c8c13d,0.025878544306771594
ck_0adcb1fffcb0a34b,0.023743146783461094
ck_7a43ef9c7b1c67b5,0.0028002072912331672
ck_4b9dd69946438d0b,0.009948150253387397
ck_90bf017cdd37b66e,0.040279765861446236
ck_61c74163eb36556e,0.010931384321586851
ck_13376c59b5bd6943,0.003751673538402846
ck_62337eccb1672737,0.010112807196934224
ck_16077934338472bf,0.004335315139821078
ck_0d4dfd93086e7330,0.014604264783161687
ck_3865b7525b910893,0.02780682849903639
ck_7e2ae8b69ebd5675,0.009401406230991179
ck_b4384b6c11766ce7,0.006518947438972299
ck_3d7fa32dfb9fc692,0.047021488414475926
ck_f4a6a7cadd6e0603,0.14728383657277955
ck_212525e2828a6c45,0.006602450015371143
ck_33ad8d53394ba77a,0.6942130738687817
ck_a5051eafe8b51224,0.0029059888505519747
ck_f65e5ff7da565f91,0.004910381424266723
ck_5c37f7563fa7591d,0.02383752481044423
ck_f1e0a006068aff29,0.013967831177993781
ck_c646cdead6fb79d0,0.005761762236669948
ck_f8b3cdffef535330,0.06852371393372995
ck_e5cdbe3aa12c97f6,0.00818352959881544
ck_986e4e61440506d0,0.06327244467592089
ck_6da9c5912e15d9a8,0.005850008133388707
ck_51d842e6dae74c71,0.009882331385882069
ck_5fc65c24e0736d5d,0.9463648015891302
ck_babb95a76c69509d,0.040038133621549225
ck_86a2d852a9715432,0.025911337867523875
ck_db4083a0d043def8,0.06589796758121137
ck_96953b8945b7d403,0.01364618804500852
ck_7831ca5c31fb3859,0.0747364817329358
ck_60ac5e5f375daa38,0.010341113943340016
ck_05d44eb1f5f085ce,0.053476180183327095
ck_432cc19c7eeaa46e,0.013741501869379665
ck_7fc513033af061af,0.27216712946078625
ck_ada6ede84c111719,0.01951599418205756
ck_6343e0d3b1c2962b,0.014002499983197384
ck_010264ae04f2e902,0.15242585395531966
ck_e9dcf535f8c289eb,0.10680115655824787
ck_37143d9cc296e6fa,0.011235374262015683
ck_61fa051192f3e810,0.021435961801671993
ck_f9f93d1d41be1468,0.8438363117925022
ck_c4f4f28457be8a74,0.002121092364326887
ck_323a71f9452d21cb,0.759649617441878
ck_170f4688e0acd875,0.03184774523523967
ck_869b1878d09d230d,0.2497681666939351
ck_2f6b33bf46976229,0.002659651713376158
ck_b11e22e75d9b99de,0.004175904889150582
ck_123d75ffb75b606d,0.012540870294766457
ck_94295287a04c85d2,0.1514716981134168
ck_1b0434f096795328,0.0028975785357720505
ck_0a4e191cd0a57ce1,0.004515693806953601
ck_d2fbd0df99634676,0.01851872596713685
ck_d51df5e9fbbbcc94,0.022108855757947913
ck_2d3d7d64a6f443f8,0.011383665040958288
ck_731943c682c9394e,0.012947740637572532
ck_5ccc0c94e5e1f849,0.017831530055687727
ck_c3476080516db25d,0.01677318429450237
ck_5010ffb1c94187b5,0.004815862099272146
ck_7ef666d67bc70223,0.03858368535825591
ck_c1b493527224a27a,0.003982653819652111
ck_5d1e25d7acc5af9a,0.03320141445588695
ck_ec30b61cbf517db8,0.003968200755083784
ck_79323eb5d2e5efae,0.005215668422466049
ck_4085cd3bf2661518,0.006528310547846253
ck_2ca91214c357c072,0.11552352650571555
ck_7f3132d6be389657,0.07898086139459291
ck_e7a6b925c8f39a85,0.05383659367727334
ck_c886adec7bac250a,0.010903991243963804
ck_c3f360c2d0ea0a37,0.008886241237308105
ck_a7acd5b015823793,0.0181349584142108
ck_9d64187c0800f84e,0.018863547968268127
ck_5d4ed73b9efd7d11,0.01033658699365521
ck_874eca6776b34dec,0.003016958221907553
ck_96a9221a87be93c3,0.03992452630456836
ck_68dd79a51eabf5e6,0.09711073654793571
ck_8311cb6755b2016c,0.011725691783034786
ck_16fc77b2bcf5ec03,0.9311315142720761
ck_ad9e2088a33c8c72,0.00231066581103184
ck_7176bbc97b1e42a1,0.004326360453087465
ck_80dfa54b30f65fff,0.5972433111070413
ck_31c54d540b128843,0.005214820034241142
ck_43ea894480567274,0.04417143008937982
ck_9c9e8a38bd5a6c88,0.015426947305937692
ck_1c2dcae19539e148,0.04537840732466062
ck_b0fa8b84e94d8ae0,0.010837133526637387
ck_4ceb43ccd0a81c2f,0.007763479033568548
ck_ba845332b730b596,0.00406136466025681
ck_73d3e8c6077f61e6,0.11275646820549164
ck_b5d0d223ef56473f,0.017986765164123023
ck_949f08f8e80e93ea,0.003251387633624114
ck_73de0b49709e5f8c,0.0035720770877791983
ck_b5935e9722a39819,0.030757980792490616
ck_96247fee0eb44420,0.006746286294612889
ck_a6def1e4b2d57e0d,0.04747790327850561
ck_aecdc5a96321a2d8,0.0100135241635816
ck_bc61c59970f8de49,0.023372679777497744
ck_c43b4175fc9ac5bd,0.7627424798708772
ck_8ff7a9b23a55fd62,0.009172618196674432
ck_20c99b645f462449,0.007119104893786259
ck_a5ce2ae36fb410d9,0.002315505168621924
ck_96fb9bf556842bbc,0.025458094276905756
ck_b5e4c6dbbed1b773,0.024244947334525598
ck_2085433978e72ea9,0.10774578353946462
ck_2c6b174b063ec637,0.010895618711742506
ck_b20b81b88dabe28d,0.003650880956897286
ck_243c18dbf150831c,0.005749514132325484
ck_2bb6a17e8eee35cc,0.02817284820455847
ck_66147fb994495396,0.10541179372862627
ck_73f124f075ede0fc,0.011921847565636363
ck_2e315f1b1e533dab,0.003899847899963031
ck_16c7bf94ed3e7a6f,0.0017166759087582511
ck_4a0eae220a762ac5,0.012723867721279127
ck_dc16f939c2f44ad8,0.1265040482523096
ck_817926b449754917,0.006565965602605389
ck_0c0dde42ab64ef87,0.019982333511601225
ck_cb3a40594da6a2ee,0.03822126692716837
ck_d0dc156441fcfdcb,0.023246479836949694
ck_66f0945add423e9e,0.0048757397619484345
ck_a74f6a3030f5d495,0.01509415658895617
ck_1ae460f331e49ae2,0.01852743687213698
ck_2d177b2f4f0b40c9,0.23405236762953402
ck_92e474e4368c4791,0.009767133828404061
ck_3dee83fa2d109484,0.003191978732559096
ck_80e5ea27848069fe,0.007637020471545896
ck_ed0c4a83701ca230,0.029401687015403945
ck_0b8b7c5c581fd161,0.0038177049003236185
ck_60bf8a2870956fb1,0.013837640438540522
ck_73a54b56a2bf35fe,0.7769038088903523
ck_2296d7a563424883,0.006878439897619368
ck_bc19c383560c7477,0.024332852962687238
ck_861d8e3d88f1079e,0.05905833431772256
ck_3f090fc96c24eb28,0.004788638691123266
ck_9a6a1f8102febfca,0.027685235242728867
ck_541b6ad5d2fa5a39,0.005304003151048576
ck_a760d38d1bc4de97,0.003797850069394198
ck_7dca4d7ee10b4eeb,0.004366265313896049
ck_15220e78d1545e40,0.012626009379693283
ck_ca24bb0de508efb0,0.00478213471395822
ck_56b389627d8f02c5,0.9713580804522145
ck_48a6754977a44db0,0.005993456383740431
ck_333a43ec339a04cb,0.05013812900146511
ck_f22aacaf86a65d7e,0.04791112121134821
ck_04bd8a1ffaf3ffd8,0.0038956764043021636
ck_2737a72de6b700f3,0.032808069838298724
ck_c35e03b0dd0c3454,0.024555809859164366
ck_e0571312f395cd94,0.009173358878585409
ck_09fab6b9825001b2,0.0035324218574119895
ck_18c3a095606209e8,0.014642996898704456
ck_2a97db9377d01e36,0.009331614540662133
ck_f29dbbfdd2786bd1,0.011366227262944251
ck_35d6c510ad29362e,0.5068517246845329
ck_5468fa99c945d785,0.013200620815187865
ck_6f8102f62c876cc9,0.03909362358104554
ck_91955aab3424ad16,0.003833493142669857
ck_9a43c0c73a39d759,0.046069937601180944
ck_60b023af6d1e30bf,0.8278027981048858
ck_9704c5cf8659cedc,0.024768809431580288
ck_7e5f02b51b9f78bf,0.1108984302695202
ck_7d3a88d1aa649708,0.8893507225440114
ck_8250eddc1ecb07a0,0.041860838792221605
ck_d979ef95ee44023d,0.01604974813374598
ck_5e5461dac83531ac,0.02092651376397451
ck_d1bb8890081e0a31,0.02585780292327476
ck_32246c62640648d9,0.003408485836366954
ck_77a40c7d2f862a32,0.04898908199276161
ck_1c8b94efe9238f5b,0.0044976620564765495
ck_eaf3b6d11bc3cb11,0.004607751892348016
ck_a4a7ef3ad799c380,0.012556725562135659
ck_d5bd8f68da073cd8,0.007912284423444169
ck_6e6258227fc8db7f,0.0020432294961601045
ck_c35d444e05799db6,0.028302295294051743
ck_74665e1209140ae8,0.0297585686709542
ck_353a272478f7e903,0.0056827398694884864
ck_a2c9796ea229a4e2,0.0034738205526973305
ck_e0171f91cb3411fe,0.021080983719127814
ck_703499f5410280f7,0.0028310106171268315
ck_ae3a763997f8f385,0.025393728386878398
ck_f7ff94c3df5ac874,0.011485234474707211
ck_f3c16d8f747db046,0.03565774127990584
ck_7ef019ed77276496,0.004113072106567971
ck_d6a4faadab58a3de,0.00840520691765532
ck_ba7b78d31d74c794,0.013079105212502832
ck_36287d063350ce9d,0.008539047548120576
ck_5177fc7137ff26ce,0.003383605531529697
ck_dfd4e79aaa967b63,0.009095071073135352
ck_fb44d15fb93a7157,0.023392657155266117
ck_fca478361870a4ca,0.007682506871433667
ck_e57b94fe57341058,0.011492992241489032
ck_5448c946cc4758fe,0.011630058088151969
ck_c5ece5ffb8800ad4,0.01318163842574804
ck_11cb98211b2ed134,0.8910433394696436
ck_f655399ac75c4450,0.011745094064350068
ck_c817259019588d30,0.018650508094032035
ck_8740a14d8096c6e1,0.028038154146282048
ck_0c5ba86f4e05b38d,0.011310932459263852
ck_ccc917533d4b73d4,0.018688065398673348
ck_9eb80edfa43203de,0.009394569194461933
ck_d1a1cf4cf61d6801,0.023384918625334376
ck_b17c239f160e6017,0.014512460235796306
ck_410c3e13b48e0415,0.0037512771522935154
ck_ab553954435e8854,0.8621935404593442
ck_bdbb4230c91e1604,0.01812997589496432
ck_8fd4937eadd64fb6,0.006908039689877528
ck_e0e90b196bef3c11,0.004102750691941026
ck_3dc4d464386f0eb2,0.1468298512285984
ck_51bbbf8f8e8ad005,0.9902179356996232
ck_c05737ab74cf03c6,0.0688636007523159
ck_dceabbe04d99afc2,0.004810265033296671
ck_5b86fd14e85bc9c7,0.7557795729140078
ck_d4febf0083800424,0.020832905749634065
ck_77d9f86dcf251739,0.009528902752815104
ck_b4dcebc543deaafb,0.024690232982416266
ck_cb856e75c949b0cc,0.0014653962187572852
ck_61b067de8ffc1ca1,0.03170766192172783
ck_c0e8560ccfd9dd9d,0.006540844340008083
ck_173e1198c341087b,0.005630685173974802
ck_b4d55bc809000276,0.03370827888614615
ck_839bf139296b5cea,0.009043909988127177
ck_78cd402a2a4f2e35,0.003837752948197011
ck_c2925c50ebacbdba,0.006837551785616166
ck_5e3bc76eddbdb0a6,0.004938615171693993
ck_b7793edca26fc512,0.010612731181660657
ck_d79bdf04d6f31cd5,0.0036820510007260225
ck_4b97d19ed946f503,0.008798447695479055
ck_37139b41c5370523,0.0530199562786331
ck_8c346eeefa9ce692,0.014723847510923942
ck_2ab7eddee2d8c49e,0.009440239436076567
ck_29da59ea3bffb9d8,0.13285225244369342
ck_c1d05ef0ec6e4be7,0.006668198256182886
ck_3882423b449f6291,0.86989278556039
ck_5647030283171ed5,0.7935352940180724
ck_efbdcd9c181e72ca,0.01156821765623584
ck_192fdad892782daf,0.21231696659444171
ck_0bf2e13b9f2601ac,0.0350807155625409
ck_3d6046a533057795,0.01171025168089471
ck_279a1d3a3836e5cc,0.029707682558743873
ck_c375e929becde422,0.008353324704268549
ck_a59e90219939a1f0,0.008503272636953052
ck_4e9fba1ec54c3ff8,0.026699263462016388
ck_bcbd8588a13f5eef,0.002999726089423193
ck_5f9a7ff990341bdd,0.005876349926378023
ck_e0403d507519b7d2,0.004316617431109585
ck_c9490cb61aff5112,0.022163310485249766
ck_41dd44308e6a665a,0.1241447654285104
ck_76c23726cd7ca947,0.011287040780250479
ck_9be551300209fa83,0.013989545013395015
ck_a98848eec6c9581e,0.015294533784395705
ck_61176dafb33b2d8a,0.9600856937618515
ck_92de019e05971ce3,0.04955160232906794
ck_5d644224135d7c65,0.012821865454461574
ck_c767fc454fa215d0,0.007405345247358019
ck_5df85a8924e11f27,0.02643008658878842
ck_da2729307af06ed5,0.017178605838841163
ck_7c6b577174af7a78,0.010448693504801808
ck_893b8afbe11301e1,0.007233103253149948
ck_e06f6fed020ae014,0.017593321434487344
ck_386680372fb54857,0.007101618942962487
ck_7a7f3c4fe0c9d2ca,0.005334802426950172
ck_f908b527c4db422d,0.07382289668251205
ck_ec2eee6a133e9a6f,0.04765361697623704
ck_d98934f9fe0b02b3,0.0037905553010932356
ck_398a1ed77b0130e5,0.005734855162342346
ck_d960af7a55b892b1,0.010309558596321555
ck_4637e54a9f79e2e7,0.0045906622318676715
ck_02b9f418524f6650,0.011026362914385768
ck_d4b23804cebb045d,0.011568338420582793
ck_35b1939c48182a9a,0.017383578132706988
ck_2dcbb71e39d64305,0.029050499305528645
ck_47a884dec960ff2d,0.00773606227643709
ck_71fd8c346fde5cca,0.17685893635820418
ck_98e1992ac8e7d2de,0.0658557784919441
ck_ae7780327e210522,0.02169378500113085
ck_e6c584b4b1ad6d9d,0.006975488625603754
ck_344b2e326a6c3dcc,0.006890874029297687
ck_9aa899a5230b0963,0.01965007766329201
ck_e48d14d5b70ef5aa,0.035444720929783236
ck_59d380a0973b3951,0.0114765562196384
ck_11318f7c041a5ba9,0.009299723238785026
ck_7061786fe2f22f5a,0.011265854767500177
ck_e77529651c416cf7,0.012963958176960692
ck_7f79878197340435,0.008071047216751507
ck_b0a0fb0ee9ebf106,0.010973137725229306
ck_70c7679199776a90,0.011161665670280011
ck_b9facd2210daca5c,0.05286084691818728
ck_9949f53c155b8dde,0.010604087716159935
ck_1c607e24f2c4397a,0.019351645972490915
ck_aefd1ce3ce093cbd,0.0030285789168594144
ck_5a29b7018e43280c,0.004692909032136259
ck_69eb0b2ccfbe5f95,0.015664213290665217
ck_fe037765aa465c58,0.013977209939934575
ck_5e512ef5362a3dd6,0.006597411822310159
ck_544a9e80b7fdc279,0.005707689909298169
ck_7825494e654d5695,0.021263687785679424
ck_f1f2c3c623553f0d,0.0025494249045651153
ck_52730906e5b461eb,0.8458710313067432
ck_01e0689157fe9617,0.5579373408949021
ck_9da82e567074da9d,0.023893780334824644
ck_6a17384072f904c0,0.006486439197124773
ck_8d84d771a21942a7,0.005059370554197
ck_39638880292782a7,0.008030325205702913
ck_7d51c86e0eec72ac,0.011688777751986148
ck_45f4c821c70d134f,0.6189258965676158
ck_0af3c13ba56ce57c,0.0031121197450469052
ck_0789a05e061b2784,0.47737149431987846
ck_6ba091eb42ffa9fb,0.36202965391026515
ck_265accb3c5c32620,0.08368818879094765
ck_179039559ff7566c,0.026179057939158944
ck_17c0a6a92b5765cf,0.011306780652754023
ck_59371c9140239fd7,0.010122907573106722
ck_f9c4f8b4ce2691f0,0.01838026180032892
ck_a2637e4872cf4811,0.05072387913623459
ck_1de43fd6c6c22a5f,0.15896673578262588
ck_6e4f31bd108571f0,0.0032063791083053956
ck_da06d97db0b18851,0.002801457829554601
ck_e0346d5081e640e8,0.08532028638876306
ck_c1c7d4e62c9fcded,0.4519282322210049
ck_2595669e421299f6,0.05114162661862995
ck_3b6057d51fd4c7d6,0.0034924051244027434
ck_c5f8ab515840a0fe,0.009408703257092548
ck_435cb24538c6f77c,0.03280734494468796
ck_d84b5403da4cea7b,0.016262540593040227
ck_c2b61a98d1c8f6dd,0.8337414350721576
ck_c9dcd92b2f836b61,0.035286104284768936
ck_9eb5b3f5f672c2b1,0.002428210656752097
ck_e4cf189a8d31649a,0.006760554637313565
ck_6b114f2a48152b96,0.008309906009055575
ck_3fb95862b70f505c,0.032017673385885535
ck_7f780f465c29398e,0.007932751251055782
ck_ee387f9da79e67ea,0.04621655731120326
ck_fa3b1e85d27af2ee,0.05026990041895324
ck_e739eaaa7a1822f2,0.03329210786134067
ck_dfa0ac11fcb1dabd,0.004213923638971306
ck_6e8751b571ea54d1,0.016106901257554623
ck_2d695f8358383092,0.020971309344628132
ck_e7dce27edb700f27,0.009957424799196103
ck_e322da8b213eab52,0.004379913940525334
ck_d0b32e039abb8200,0.008828403209805751
ck_b354003302b272ca,0.005385267197098218
ck_f7485cba392bc294,0.24544497541104437
ck_d6a290ff8362c7b9,0.16814970026803958
ck_c56a44fe315c0389,0.01090805067137441
ck_f77dfe6512eae322,0.01299959846869009
ck_35fe969c58b9e70b,0.16196979471421458
ck_4c518637db2322d5,0.06491877215019393
ck_cb61902798ecc4fd,0.04064016540818172
ck_56e6cfa32156a916,0.0063128423330669
ck_343e6ed2b9d35c01,0.006804224328041294
ck_51440f64f7250ad7,0.06602335537094113
ck_295bca29c34cfe2e,0.11006409439425495
ck_dd30558576b45e7b,0.01136822438422098
ck_3a30132a57181fe3,0.04842392610952275
ck_4a733aeb833406f4,0.02391479205862943
ck_1b0b7c3d35ab1259,0.04706421243815478
ck_962c3bbf27cd4b80,0.08219037995525037
ck_9528e1d6b1707870,0.021727226630091186
ck_b3263e7f31aab45f,0.017068826789174384
ck_e69195a3c885053d,0.0039199128394649925
ck_a907fa8795cd4baf,0.005344028505594338
ck_205c3405045bd835,0.009471479067117955
ck_e81fc223bed3c46a,0.051813040944145905
ck_363751deae40edfb,0.12167517206039151
ck_6176baea8cbebbb6,0.009771245568434197
ck_633e6579f5c74a5c,0.7857462423884279
ck_ddc11fc481eef58d,0.010926344676991774
ck_e975002c979e12c7,0.05700234283366202
ck_8e039b23acaaac00,0.029428357252867403
ck_1d6990d94a4d2ad6,0.12219748181134743
ck_e7b583acaa3171a2,0.08654894074645397
ck_c0133f60d39b2fb5,0.026492061588561253
ck_7d6bff85e7a694bc,0.005286183144135198
ck_d305b4d82f63f647,0.0037571631382255603
ck_22bd0fc71f95e048,0.025771515548690258
ck_9a65fcfc7916f93f,0.0025721496233529918
ck_d61c837b0106085a,0.05108461427930437
ck_be86a1db08dea456,0.028107472872796226
ck_90489c405e6886d8,0.008898031121594359
ck_0add2c321d579d75,0.02640979490453934
ck_482dea6eed92cbbc,0.02081847520163017
ck_c24b47184534cc2c,0.9729057467460822
ck_fa04ac31e596e7d6,0.028628016258237503
ck_084322dc5a3a86f0,0.004723019446507998
ck_ccb72a33cc1877b7,0.024869759613563306
ck_afaf374009d3b248,0.011178605468627412
ck_b53084ffede19a8e,0.003519019163708475
ck_4760216154c8cac2,0.5808739581279795
ck_37ad3a65db673e70,0.004120376728653267
ck_0c2932cc0d553694,0.0126225581131166
ck_86b853c52f20fef5,0.00655833358913112
ck_38703b7546d35a80,0.006893395629830611
ck_218b7e6e6dbd2da0,0.003688927154810327
ck_402db4184982fdf5,0.020068188318931847
ck_f917c82af80e4a79,0.10091063981102553
ck_3c6417a233c68c73,0.04037689350781102
ck_98068c397d70dd3a,0.03323613835306953
ck_b1cbd6679c0f8d95,0.007976326074477047
ck_9e962f9bb0e7bac2,0.018176626108394368
ck_b08247c3ad567d92,0.32747966455210537
ck_3ef7a03ebb81cfe3,0.0024896148238619034
ck_5d7ae0e3562e99bf,0.06277447702945149
ck_c91a628236baf91b,0.0881721920588258
ck_7f8e816ca51755e3,0.5864535498992053
ck_5aadd286d188f5c3,0.00472805312422112
ck_a037aff5f8128c73,0.005574574049811934
ck_5df6529ce8290906,0.010583759353107817
ck_5f3609511443e5a8,0.0053221175218711655
ck_a6f61864fac3c8fb,0.008895174884070616
ck_2733fc6ba23ae46e,0.02490739891240273
ck_22bfb9246646eb41,0.8514713333566188
ck_bfc2a57d8fd1610c,0.4188173712738507
ck_49839e761d0e74e9,0.006101991202551139
ck_aa4ba931dd37481d,0.013670976119136934
ck_2f9fa0d61829f815,0.011522679866923853
ck_5b82c774df10d49b,0.004651578945295
ck_411219470d0a195c,0.019555803466460877
ck_d07485ba10514a2d,0.46414079500235944
ck_219bef979ee21bdf,0.0034995134350306067
ck_eb1006e7285184a6,0.04382149537133523
ck_fd242b18575e3063,0.08884759493616393
ck_95188150ff059c70,0.07309133577740298
ck_a9ca2f447b984a6a,0.02561347519912883
ck_2dd39723c4088b64,0.012827338918304931
ck_aa2b4c662ff213b6,0.032393930446201646
ck_1867b1199c864db5,0.034152800888299556
ck_850ec97a5a0dab9a,0.020309769908786326
ck_562320295fa35875,0.005865063618345972
ck_bab5759b07fe2bea,0.004209859934075505
ck_b9f1465d803e57b2,0.12993350259354647
ck_8f21f2690c32c691,0.05205621140487277
ck_df87d6f61a63eb21,0.004604404151195942
ck_770475876d0e7e6a,0.009326014382506045
ck_b4c014d5c0cc9eb2,0.004791646315023872
ck_3add4d23124c9290,0.006185288127742086
ck_bce5b7fecfb6264d,0.10443419462360266
ck_604c17cb97dc89be,0.02952632336288507
ck_e52cbcd9aafd26b2,0.008832352284208296
ck_0ac9114076f5bf3d,0.008876550949405359
ck_dcc125b178b79566,0.0020177695230094847
ck_4e333c09f0c37dee,0.009751795953082315
ck_ff7e31ff8ba731e5,0.008133123477181285
ck_8d0532d24f1070d1,0.0022755511774322176
ck_3689fa41748a6f6b,0.13730625746903632
ck_7509eb97c1948b16,0.009206533006216652
ck_a9161cf1ca22a6bf,0.022076292943599425
ck_bed3e3db135b782e,0.03716117969697788
ck_9040edd974ef8e3f,0.4932908317540931
ck_fac32d76ed40f683,0.02625025343425365
ck_3d7b1078e2d57c69,0.006353645797032621
ck_dae09c4e074af5dd,0.01624138256931408
ck_fd84507228467b40,0.08097716086720717
ck_e2a2ce9b8cf44c63,0.019504641828889474
ck_cbe716f351d660d4,0.005051646421888089
ck_cba4162ef29a6d27,0.022047122040118574
ck_4f1e962ff8a29732,0.007176108930608779
ck_39a81899dded61e4,0.006969541839977573
ck_25382331551d22a5,0.029137732426335754
ck_6d64e1c07b19856e,0.0057701992628647406
ck_165a868bdef28ad3,0.04224891189843481
ck_88774ae52e30e877,0.023878632667399296
ck_fc7a9d0643570053,0.0026991028262654923
ck_c2017120b3b88a46,0.007098513070706877
ck_d115ac6b9fd62a7e,0.008367329242646077
ck_439cf7d51ec7de0f,0.008682638315609925
ck_2468a7e9e68a0927,0.008914253644479954
ck_7c418947124dee8f,0.06261268489396454
ck_fb0cf32c4a56f740,0.019852471673148082
ck_694eb6c43193afd4,0.0140531660410744
ck_993beb188dd4abb6,0.01783043422086562
ck_77fa39d3b733c226,0.12377471957666628
ck_49969a9abc47cb69,0.014356305060092962
ck_d3f44bbe2f7e9b2d,0.025173254980437966
ck_fcf5b8216d0c18ef,0.0021170528297722244
ck_daefe1e2d2bc362d,0.005830501598696765
ck_9c9287cb28950eb6,0.013075345794640416
ck_c1d1a625b885a975,0.026598518847353828
ck_71b37fe47490b4ba,0.008779228378724038
ck_5d16e257c0635f7e,0.3720873667791195
ck_15918075563eb074,0.003124576824047045
ck_9a15fdefc47e8d11,0.016434304051792217
ck_6f04d047d1dde75e,0.0024871389418289046
ck_1af2c0b3b8d202c1,0.010326983686861694
ck_174be2231c5fd2b6,0.001954064707462843
ck_bb0713a2a1d65982,0.016169122851870443
ck_0daec63bd5b0729d,0.01647929096582206
ck_c0b5cc3e8ad2ff44,0.02858993903445684
ck_35bee1fc12664644,0.188560897893409
ck_a1c7cf63467df4c2,0.004778435060756592
ck_ecb1e15f0b185ceb,0.045161572926770935
ck_f280d31f54a4710a,0.01574882929277052
ck_30f4b2ee8abe1342,0.08971714563013533
ck_66bed631354de5b7,0.02631501108567514
ck_c2d3ecd7278eba2c,0.003535819563306657
ck_e901dec0e09eccbb,0.003021810851032975
ck_5d038ecb3c8748a3,0.009470770523577721
ck_283c5bea94b21e80,0.008953602558162814
ck_7956c251b85f009e,0.6659456890287905
ck_9f5f81d771146aa1,0.0029056260093924123
ck_9323e6fc1e168eda,0.6958314857985296
ck_10495d3a635b8d69,0.06671148803837115
ck_1982d571cd36eb0c,0.009082117812557985
ck_4f5d7985bcc2eda4,0.00554698770332057
ck_7df526b2b4410bb4,0.018758965623397808
ck_dbb498b1a346a402,0.0033119744210780545
ck_ef059997563e3330,0.007964063476459221
ck_02ec4e06709e6b82,0.00412616007043376
ck_9782c86ba6485f88,0.002734656217041903
ck_d69de468b44143ca,0.004901700467061277
ck_6430a8792f400e0a,0.01033598129020239
ck_8285bd3c90af94f6,0.023317206610742394
ck_985c9ca112000e9a,0.02660809191478774
ck_e679fbf4f4f4aa07,0.0059059516293216595
ck_016e8c8eaf9d511b,0.03515630969953697
ck_bc996c523944644b,0.021150404338519422
ck_5b8315726f6204e0,0.012661534761559345
ck_78181f8e998e442f,0.005379020300197054
ck_71c68dfd011dbbbe,0.5921286408201836
ck_db32c95ce2b6f502,0.680281802453385
ck_755010362a9b1bc4,0.004114719754184717
ck_114141d85256c9ff,0.0030897292148872376
ck_9d1a5cf5a3b87e48,0.014206365842969266
ck_ab640420858ab5c4,0.2385883058713291
ck_97a8dac48dd62488,0.2864771841552197
ck_879cc3166fe1bada,0.005257196157437468
ck_b0ed11080076e381,0.01064458487089078
ck_7334a9ec656263b2,0.007820083653953801
ck_6494f0ef13ce44d9,0.011087611473136806
ck_724e459b9ece38f4,0.028751757561973387
ck_7fd8b1470401695f,0.6999411480185905
ck_292f81186358b0fa,0.006839913715167819
ck_fa7de64d37287615,0.036756788066046105
ck_d00e09e66ed6458b,0.11341871545664871
ck_b8d210e741be186e,0.006135549721534106
ck_3db59982cbae4410,0.07708059866231813
ck_69887d0a9aaca6df,0.005651696732509953
ck_4feb21e2fb0b3977,0.010914738163992894
ck_08c6cc1e143475e3,0.0068061948469709905
ck_fe6e168cdbb46b9a,0.0681544528807558
ck_07f1734be7fac56a,0.04976696314131482
ck_d66d59981307db93,0.0277896119973832
ck_f928dba0d587d7c1,0.0025492071679695375
ck_786448fe3004cbd0,0.004512446980011556
ck_29ea329fa40ace62,0.021289589417540684
ck_7ea52b6f27edcb73,0.02150913273734163
ck_18bc51bbf3ef198e,0.03234036025229665
ck_44950df09ff14ded,0.0022828192727088006
ck_c1466b52c0a10b93,0.014790448742666917
ck_6cdac067cc4db5c5,0.0451232447658571
ck_53f55c6e8cf2d432,0.005730849065905442
ck_95945f48453ca532,0.0482943671456652
ck_87cce4126e215153,0.013517841818697841
ck_1ecd5516c92caa4f,0.005346246444429727
ck_819b482bca14c068,0.24077947211660577
ck_a61a879dd46fc9f2,0.013132921251762363
ck_af70aa32c009c3c9,0.019297487153646653
ck_f4fe78e249092ab1,0.013993460038973145
ck_12c46bc52bf45b36,0.03880737088390661
ck_f05f5e4b40afa52f,0.050857069176074354
ck_0f8cb09d3f4fc980,0.4009436309311522
ck_80a64a7f0275a71d,0.014369123208103116
ck_683af7b1540a0b22,0.021682309046335342
ck_51fe0b613c076cbe,0.003363102771846191
ck_da1a2450219dcf19,0.02290126298147178
ck_2a7eba01ceba6c2c,0.11839730284141395
ck_4e329e29dfa743ea,0.3225791316981434
ck_0274d881d6db82c8,0.009172747820060846
ck_0af5b7d128035b35,0.03915635048547608
ck_ae0a7be6b0a0ea68,0.019173921884967002
ck_de5bb7a4d091386d,0.17926526520400937
ck_2bb7c17168a9d17d,0.014763009222612799
ck_0ffdff7b2f5fdfe4,0.007903901678307602
ck_718a8390b3d42d7d,0.012564356387654399
ck_7c4f12d70f184533,0.0030777819294010834
ck_d3e2c26b8adff099,0.01181390378362432
ck_ac9d3d9754104cf0,0.004104560247699424
ck_3b1766a1d51f8f0e,0.12864407308365777
ck_a9bf75bea912027b,0.017541255814846297
ck_687eab3ffe1f8cfa,0.028430944406946122
ck_25dd0b02af5b2f37,0.0230776650300031
ck_1747fcc466f0ae38,0.0028669522319212538
ck_f6e9d14dfb6f3c28,0.04672477793798784
ck_c6a7bbd0adc4d5f3,0.03794635796756432
ck_46656a23f4456d22,0.7481425707755601
ck_7519260415c2998e,0.016700465177111958
ck_754f30ea19df857c,0.034521704843831824
ck_ba88a244d5f7380f,0.011920118349041461
ck_f268416945316815,0.012369458587806479
ck_21860dd2159dff28,0.007159432731705346
ck_7a86ef4e2beaec38,0.0026012029653300884
ck_0414507baeea936a,0.020755005104133122
ck_60796eb60fc3043e,0.0047599795878588294
ck_1e0841ed17fe0562,0.009885227001913762
ck_0d641d32658d6e0f,0.004338655913577965
ck_b36086ae6d87eec1,0.006382226048907752
ck_962e65ab33b5c311,0.9106682454177326
ck_b046a42684468e63,0.016157713589532614
ck_ab3426435b0017d6,0.02680421389241137
ck_fcfe06e44d09a344,0.07179773270201202
ck_0f6d916c92189516,0.011685810316827026
ck_d4c8f0d957c3965d,0.020053804897891356
ck_2ca83dbd728af019,0.002826855765433516
ck_2857a4ce9f72fbfa,0.004391553756886727
ck_a60e6edc48e3d0ac,0.21222567392603142
ck_0cbd3b27063d4415,0.0766073017851922
ck_612089ec90c37219,0.014557846717550588
ck_ec4e597f17f473c6,0.004262840532094605
ck_1c93cc58f314bf71,0.022378839740011137
ck_2b359a979520276e,0.021183728646076053
ck_1496568ddc3b2d56,0.028806219964288428
ck_41d91dc9f5063566,0.023106643961141017
ck_4c5ff58afe3d7a67,0.002462383128193619
ck_81709736281fa3eb,0.0059787618630770655
ck_d89abbab3d4957aa,0.018034513461823217
ck_52453401f88935da,0.029021505936064854
ck_a477654d34783e06,0.004580103991930431
ck_72dd0dbdf808cb00,0.06285487707133708
ck_c183dff3781746cb,0.22201813578114374
ck_c8b7f241810b45e5,0.0031245707458246305
ck_f88028c3f306bc70,0.04357745959476389
ck_91d48d69e4f5d9c2,0.008344552878761279
ck_b74b9ba6d7c9aab7,0.22046776518643318
ck_03e904682dc73bba,0.00967271054635962
ck_fc6fed6ea96a004a,0.006701165957420743
ck_51efdd240e34c642,0.03388880642286126
ck_e78ab4ff52b5fd2d,0.00780917926661638
ck_4af7b97c24d89a45,0.03741967079415897
ck_295c0072eca7f7a2,0.012903951919697126
ck_8abd1a50a9227463,0.014194313547652996
ck_ecaa6f13304e3dc5,0.0038527944733979225
ck_de436e7b319be1fa,0.9892684412951324
ck_c802cf8f61466027,0.0034547202181458556
ck_3d83e0a3c1cfbf8b,0.021190396164464713
ck_28d2003c2d16e4b6,0.0019495554451106453
ck_8ddaf745bbb9cd62,0.0037237029592047657
ck_493b6256091014cd,0.028746692485917418
ck_a2245822cfea997d,0.0056667069542292664
ck_f7305b3c64cf8a03,0.11057616560268375
ck_9937dad93a0ed3c1,0.005783974901191789
ck_d654449f9231ad76,0.00410269012910831
ck_850e2b59bc535490,0.01541802622469074
ck_e55e5bdfc0242aef,0.04549219856215488
ck_d35c51e981b98c5c,0.004907175076330733
ck_27cdf9c5e6f0915b,0.017566999993125568
ck_d328db1e1052d820,0.031361472303671666
ck_0ea30eff5f361cba,0.006700897699305133
ck_9994323f97109f4b,0.9787026152348867
ck_09054e97bdf9624e,0.00855059035974543
ck_723b4afc388113c8,0.0046652592604647485
ck_588f6e6a6a6d93e8,0.013051770913239632
ck_e1d563fab4d6116a,0.008625457459881391
ck_53aca610e20598bc,0.01809055808747714
ck_c8131ddc7ed33448,0.010332294431977395
ck_899f88464305824a,0.017298879801316516
ck_1c17c65804f8889e,0.020322166321014214
ck_45a16ce12893cf9b,0.018321774681598405
ck_f9d481aa4f9b2808,0.4784996804742517
ck_1d5d74169cf892ef,0.019090781932272014
ck_aba32acb61c1aaca,0.02306392301256213
ck_ec4dd3675a8d28cc,0.007098318439820613
ck_5dcd443fe0bbdeac,0.005467690805632895
ck_3a47e3f54475e854,0.0068809347642192105
ck_a9aa5c344c315532,0.011111009501490594
ck_9652283c9f61fcec,0.002869887733461227
ck_752dd3d2487f78ea,0.01208869077857303
ck_a821980ac4db9943,0.5352575029052947
ck_93e0d6befb67f7a1,0.04636190191902597
ck_e7a3881c3e36bd51,0.1650585959731986
ck_12631b78f8a03df2,0.0036476402562358157
ck_57b8226610b48854,0.0049090264841677896
ck_352657008983fd4b,0.13309893989738472
ck_0841a5c24fd3dd28,0.01666452888906106
ck_db9b9d5d30f74070,0.029541662345518676
ck_a9dded7f6294e44f,0.04324628902886434
ck_91a16336ce3217dc,0.01350940801776482
ck_371bd9388b287677,0.0020138353919251658
ck_f285e5e1912a7c62,0.0028774322209755825
ck_368b65fca69fc415,0.05502441525510812
ck_d27a73596b6500c2,0.01743537953246939
ck_2d963f9b2c4d11e1,0.0338718363896854
ck_7c500e219af39486,0.008572111976169123
ck_7d025dea5951cba7,0.012200482435863325
ck_32f632706608859e,0.010249637093916792
ck_53816231f3ffb48d,0.004679875774185207
ck_9dbe184e81c1ca8d,0.06533414617199496
ck_d74123617f22a21e,0.014324232352743835
ck_275386782b1606f8,0.006101785947639081
ck_0b0e79d33e50cba5,0.008690442986299243
ck_ba93cb604f792915,0.029628580273613363
ck_a86cd653472eccbc,0.015193015260179639
ck_87771861e0447210,0.16886115695239362
ck_212380e0371d8a6d,0.012087097329043483
ck_ef0d702d7b0ed745,0.0031491024128945345
ck_2b8f33e22f939372,0.7641042973681336
ck_480347ad92037105,0.010525534726904656
ck_20124c3a16c53ce4,0.015537601165025462
ck_c9e1e3229baae708,0.02152507477143729
ck_b1befe967f7a5ebf,0.04251004372183589
ck_4672167d7c989bbf,0.08977111321807564
ck_f0c44ee5e3a42e3d,0.023874568409997392
ck_c416357d20238a4e,0.01324486022528539
ck_d0f470f8078c91df,0.020233853395894796
ck_3a70b4ee59084715,0.009181091467344676
ck_179ed66cdfc1ce27,0.00415247604660032
ck_387e5a7f163c7837,0.010289493197489093
ck_08fb463e69f647c8,0.9869512996350889
ck_732f725747393ec8,0.017813053068563917
ck_7cc5e0fa3ca5a713,0.005671989771293136
ck_ad4a4daa826ac68b,0.12476807223650051
ck_472e0be7a3b533bb,0.04726286350826159
ck_7190177963eafdd9,0.011279230937156813
ck_647ac26c5900f082,0.006975964162049516
ck_272ae2179bbd8e58,0.00962029427831816
ck_09b0d8af304646bd,0.0034964028974432933
ck_ca0cc8ea9f344408,0.003176895619555682
ck_332ad134fb909869,0.013827911778580166
ck_fca2798914627dc8,0.12733911455832153
ck_4450b55f462ae134,0.006817817946300456
ck_d67d9dfb60b286b9,0.0027140902040515657
ck_a9d2bb4f2bde7052,0.005054895361585795
ck_929bcae878a3ecb3,0.5323404257749228
ck_59a9e000fa275e1f,0.014416125125753751
ck_57f17254e2688637,0.015211445986619342
ck_0508908697f60ce3,0.13773418120747868
ck_946afc2943298d26,0.005689214166997468
ck_7176d12b18f2cc0e,0.010326853309851473
ck_5c47b49c26cce286,0.014352327931495719
ck_b6a2bdb2d335e1d0,0.9884482123177665
ck_1d58f6caaa4d012c,0.019524581043240723
ck_71c917295020ccc7,0.003545247578415767
ck_bc89644ae3688995,0.01052109777034389
ck_e7c212f16d6df272,0.018317450404434575
ck_c6d2e11a368184e6,0.00770972654235315
ck_eed7f1f7548df15b,0.00591995703273587
ck_75b69034000ca7bb,0.03436457222882431
ck_38da3bf629458682,0.007331172004348646
ck_90114c891239d821,0.0037232876535866766
ck_8ee08f6777cc155b,0.019663605681734028
ck_bd86132499defcd0,0.014079689178903435
ck_b95fbf2b5640aa82,0.03544597398569828
ck_c530235393360e3b,0.015833593452754147
ck_be52a7ec43241ba4,0.05545720371213961
ck_d96eb3cc55f2772f,0.016803629324793276
ck_dd34f0a844fb115d,0.24894625951160718
ck_17cc7b411f448e66,0.08916101371195917
ck_856ea65fa27d06dd,0.022953990624797457
ck_056d5f0301c30902,0.15587038676983409
ck_e662b14b2bab23a2,0.05713447326748367
ck_209f574c8d92274e,0.02127465495488769
ck_62720b81617896cc,0.010152641359797236
ck_041614694b77e599,0.0068995683107869405
ck_461e3f7b97db8d16,0.030780477451053757
ck_1b74b798eebeabdc,0.013418352778623912
ck_0ed2739384f1d644,0.008097367983688531
ck_5a4d19f1b83feeb8,0.015882423057955796
ck_463937167965a1f8,0.020698836576092196
ck_9d7151dbdf100e0e,0.03196337357136111
ck_20a7d1ce6cc27312,0.0062303971224196494
ck_6031211ff118cf0f,0.0019004772497035211
ck_a6fc92aa91e99b77,0.9237119830434132
ck_0aaaa9d2f75a0518,0.013204882729436545
ck_ec26e327cc1848b2,0.023326684604662123
ck_0e6bebf8ae9b9b03,0.01806628241344836
ck_e107537a4cb738f4,0.009836656402108781
ck_e8ea56e122a5a487,0.01916676656696634
ck_98149ed45d38c4d3,0.02525986408238269
ck_0e719b3a6906b8f1,0.0023204647783185324
ck_0c6e7bd357e4a348,0.003955901659800517
ck_d3b2b250da61db19,0.777534170882161
ck_8bb6b0a292754576,0.13398050557440438
ck_87d70f5fe48a6128,0.029306988271002456
ck_ea9edf9c107d429f,0.004785134108300114
ck_059806c52cebe4f1,0.2870553265632905
ck_a72d6df666e1c21c,0.02349317898997837
ck_1d2b80ab6c4944b9,0.0077596502204380835
ck_60557f077abc42ca,0.2798560978354787
ck_e5f5cb7dd6ce4a37,0.03188577239637245
ck_4c4a939154446053,0.00514683190364699
ck_50ede3eb561a202c,0.01368550211632301
ck_6d03a542922b2ae8,0.014654511094495901
ck_d6fe761ed0db3270,0.015748428574582158
ck_7f0cd6ea3096f985,0.004858860862152825
ck_23edb6d938a3b87b,0.007070050122937091
ck_799aaf9f2b9ef621,0.005900211158631943
ck_f8f6a03613b6dda8,0.015669783552963643
ck_7cffb189f4f514ec,0.9552210393282241
ck_c081e1967dcd811f,0.03837053825230685
ck_583d6ca78c97d91e,0.2866440546149957
ck_9332bbc7125219a7,0.006807627215268476
ck_956b5af6d7d86c65,0.71108476953176
ck_2d634e3f24681c0f,0.03673153212277467
ck_7b35d218ed0c5a60,0.008199638140059697
ck_ca5b1057f8248f73,0.014355712242356676
ck_ec5ea81cf813597c,0.018465908527113946
ck_eaebaf4d28400fb8,0.013683684844371961
ck_ae2ab6be219219aa,0.011652351867599574
ck_d99a8b4c820eb46b,0.004684063512889446
ck_bcfb7ffb7cd428bd,0.029454366642045177
ck_3dd542c2d31be2c0,0.013893746422820884
ck_c7dd84401e29a7fc,0.0049704325129487645
ck_c4bcc7cefd40f8e2,0.00545332969560218
ck_c251898b5d51e3b0,0.04460054482627928
ck_36d37be780c1291c,0.0038198343806251384
ck_99b4f266b61ae7ee,0.0205567859542465
ck_c37f03995f0f0169,0.0038392482379146177
ck_65a23ac8e44eb901,0.005293812596851146
ck_644b1c1149eea9e0,0.013320960062957982
ck_9cf44eb0237c2429,0.00461616434133185
ck_20541686a94fb71c,0.014864424992590193
ck_c18245be844680f3,0.005670583124106252
ck_56de216eda6b7fa6,0.0032059241461910837
ck_406c4442dee45cd1,0.003452275536844648
ck_df1585c7d72a96e0,0.00375030728005227
ck_b8e8dba20676d87b,0.023639278840348815
ck_0ee6965e68efc177,0.014953960587541514
ck_c2a5c54ad8d0d297,0.015869492456600704
ck_bf6fb7e6470e95cb,0.0033070932722889554
ck_27fa694569140345,0.0037847733151199535
ck_e04166b0ce66393a,0.0105335918097145
ck_8742114f4f0cb22c,0.1535434257362333
ck_6eceeafd56b42576,0.17226565262974472
ck_34f9951b0eca1965,0.013393854915891481
ck_384ccecd342a24ad,0.003145013036253769
ck_49c98bebd1338879,0.00406973103642147
ck_6c26c12071c91ff6,0.004908519505620601
ck_01e5986ebb9a78f1,0.02933257037522948
ck_121db7ba3be29ee8,0.02170624496032757
ck_039e6d5a330cea1a,0.0742042379533768
ck_ae8c9163cf957d7e,0.005541986304104791
ck_3f5e8f3f1df0c8c7,0.08677291357413473
ck_b1c51fdafcd80122,0.013916725435621457
ck_12e2b5ebfe8986b2,0.006527477527886306
ck_d55eb81a4d543c59,0.012805711167975522
ck_f85155ca5c312c7b,0.0495041124851305
ck_133d8a1ac7c0e301,0.9839525245616892
ck_04212a9bb9b28696,0.9905243823295088
ck_4cc11c7d3ca61f73,0.0063424427744432675
ck_2df4854186ec515b,0.016566349992262117
ck_aa9b28e7fc43af79,0.6165384023931579
ck_47cad6c3def4c9e4,0.003113868619413088
ck_fbff7b5da8111567,0.0075408711071329616
ck_bd25ea782e375b22,0.026525555290453216
ck_7989376f8cf64a9d,0.014109504513710994
ck_675c0ca1ebb1051c,0.006557968397851483
ck_1436f6e11d4008f9,0.01577948496112446
ck_812cb3a4482cc618,0.012163761874329297
ck_6e606f73a1094afd,0.01643754755302933
ck_1b708e2a4a0584dd,0.015260347280031426
ck_a60d6b324bae0330,0.01756439682452267
ck_706a4f673a9fda3b,0.5674996465803195
ck_a75ece9a9044eed0,0.004501540235570452
ck_9aa45c4e03c8c57a,0.025432454237068195
ck_9fe9bdce982b312c,0.054645220165451994
ck_c6fbdc5ba68a8466,0.012937018163078861
ck_ed0cc1b1c28f9511,0.02177301026830546
ck_a4e2607b4c8021e8,0.003535561888585831
ck_e02f93f51cc8caf3,0.004120943111926352
ck_7084ed3cf20781b7,0.040871497732748854
ck_cd4c63155570d6ea,0.01497136551874653
ck_d1b9e5d32d2d789f,0.01125467219989536
ck_68f56f6560a7a933,0.010185857596477249
ck_8bedacc6233c6269,0.012718801816325025
ck_ab7cb50407d6b13e,0.061545772725010925
ck_f17ed7e0fd687742,0.05818528189775847
ck_b0fe4b92fc70f72c,0.0023738297776636835
ck_84d62b8196da2452,0.02148519314859398
ck_9e298cae167f4693,0.00899798327793045
ck_405b20ef9ad0ba5f,0.24057342024004494
ck_813e02e1ababd177,0.012695007657518005
ck_f234ab47061ba7c0,0.00216440375162918
ck_22b587c18363899a,0.028390501986413755
ck_4e862c2f48c38aeb,0.004561531912404446
ck_b89cb90a420c9075,0.006602349841107184
ck_be2251640f27a3c9,0.11831218494727454
ck_46bec0bff167ed3f,0.020685059076539072
ck_c0032232c2868328,0.01805481114195574
ck_030cf09525dba4ba,0.0036288335987711873
ck_6ecf56236789fc09,0.8801147013222225
ck_38d4ed52cbe6d123,0.0232146380951788
ck_2d923d957ffd4d53,0.007151101133660992
ck_3af1eb88728ed8c7,0.036823551804773515
ck_2f8120ca80a1592c,0.03106338287892754
ck_6cabb1a133f0b151,0.009924084599730444
ck_bb6cf7e7b707731d,0.7963794005906942
ck_c8307fecafa90140,0.015472333351849225
ck_75f968be67f46d24,0.029161304106069007
ck_df6fe4ec5a233213,0.0059156900923088744
ck_b53e88c0e927d896,0.004506722199599259
ck_f0093064aa28f4d0,0.11634061652684115
ck_ec9976cabc63ff92,0.0030195689060532205
ck_30dac0a58c5590cb,0.05085635243992394
ck_348a525791ae6475,0.05295896897572193
ck_b898d912d1181ef9,0.01420168481700908
ck_f5b1200dc6f95760,0.04807930279221725
ck_54978a073e7a0b1a,0.006861107761828699
ck_55933936536a4071,0.005787913742027354
ck_d6ba7ffd2ae08863,0.023428761223948102
ck_404e2217fd87fdd2,0.003763179213306319
ck_dfaafdaefa5716b6,0.07674596956557132
ck_556c62e92d4e7e5b,0.22344645901106477
ck_7ce44f4e06d58111,0.30785132303592055
ck_465cb8ce232c7670,0.005093466743295676
ck_237508ca4fb37268,0.05091353246403039
ck_ba4a6b9aa63964ef,0.030279445425042774
ck_4802a0a7a1882c88,0.32889688233256564
ck_9478dfe4114c30f6,0.014643037680765072
ck_5138f6c575dec64c,0.016857960226209223
ck_aebb42afe430e2e9,0.005049782233391419
ck_004efa95555437e9,0.009092477081449227
ck_11af112667c98394,0.013003423222434678
ck_44e9a18a8645c9d3,0.004283119693959496
ck_2605fd571219e28d,0.003112152531694732
ck_dfc933493561d84f,0.008010144707651719
ck_67674348e68d1f25,0.013688653870404062
ck_dd97429277a2fa00,0.01756063607563411
ck_d3eab7a06eb48348,0.06110479615642999
ck_0b9fcff9667ec05a,0.009990656447865403
ck_fc4bfd6e739bddea,0.004938229232856961
ck_43292f70a03ddf2b,0.05546598251632442
ck_5ff6108056a3fef5,0.00905805363793086
ck_767e0be086b5f601,0.027534322068802308
ck_b8465b1a5666155b,0.06362589335087587
ck_ab2e3fc56f5b3aae,0.03631222598208286
ck_1833c81d693c1e07,0.8919610905679812
ck_0308e0602b856445,0.005943950469946823
ck_ccbdfe744acff8bb,0.01991812581358311
ck_b294aa27a0b586d7,0.0031397329341400783
ck_a3747201f377626d,0.9727483275006827
ck_edde1d7d1db24725,0.025720299003562538
ck_ae3b47d6e1063704,0.008888231261037093
ck_3aabf5e0f4defb41,0.021931909718447745
ck_f034adb57391f3d7,0.04496177163552911
ck_533672fb40531607,0.18197538668318386
ck_2a244f1ae08ef83c,0.019834557519246915
ck_a35d81bcc54ece2f,0.005859000645665065
ck_78a61215675b38f0,0.016285187735055714
ck_e013d88ea7939616,0.021825401617856954
ck_e5018f9418e0102e,0.07152844433388889
ck_d4e024fcda401a31,0.004287556149524253
ck_f736cffbdb82db34,0.0018101720330196752
ck_1507f5aa50cdf3a0,0.019469367882647845
ck_18270fee7c8fcee8,0.009533876181537615
ck_95ffa1a805a1c9d1,0.0026320285639069504
ck_11132d245b94d045,0.004867210374176323
ck_7b93a622e40d8b14,0.030562008971831905
ck_3854c08d17704347,0.0706916358307335
ck_7717fcb100dc4b5f,0.017404439056000254
ck_ba54e0a1c328119b,0.552451561704928
ck_a7afdac4ecbf2de4,0.4926385334157765
ck_ecfb771ed2352085,0.007673486119374668
ck_68be4fefc85a6b64,0.44590509503444614
ck_dac7c50bd6d0148f,0.002873245711493339
ck_87cf36a03bd63c24,0.1139930399778016
ck_8adb40b168b59d7c,0.043396990563437175
ck_8d2f62930777416b,0.07068072015647821
ck_9958b58da9e3c21c,0.028165373618393937
ck_9440335375701f44,0.018369067026897314
ck_e2f88e202b6f700a,0.026884758139743087
ck_4c7c50684827a2cf,0.0057567015277031714
ck_8a6ea4a79b1c7a8e,0.00658343229310625
ck_186dbff4b24a3bbf,0.5030813292659285
ck_220fda3c11c59b6c,0.07492923462866743
ck_3acccc69f8b1fd14,0.0616761046279728
ck_9de191bf79afd676,0.006334588858075174
ck_6de6b1663f9457f4,0.003419951694990615
ck_062754f8b79b86e5,0.004014031447075898
ck_aa153a89a52f7eb5,0.02640979490453934
ck_34a6bd3be642f15c,0.015777901537466298
ck_9371c700d9830326,0.030275631758742445
ck_a99e0c258ad7576b,0.009045944141765315
ck_0a7ba51d626e932a,0.024410466722393314
ck_852c50bbba1ead13,0.026603600637976944
ck_43dc13b6b6d31297,0.13113703329466578
ck_7d81b59d615a6649,0.027941663138222664
ck_39a3f1da060e88bf,0.01028655185352009
ck_6fb2d142c09ed3ed,0.04252406817129648
ck_6e5752b87324b58c,0.024960292103058158
ck_9441d48a12e8a4bf,0.07208134657233371
ck_09e9c51eb538b255,0.0059924507953089245
ck_8d0cd981ed3a183a,0.034891302276898524
ck_57c07c45269ca8c0,0.009900412759988455
ck_ccfc9ab888ba933d,0.022380725145591633
ck_9658a6ef471053f0,0.006718567155092928
ck_dac3852758f4ea89,0.003119187508823952
ck_b1ed2278f5f14d82,0.01117930877859403
ck_333544d173524f70,0.08787598976610607
ck_fd4582e3853ef23f,0.011256861267543473
ck_614d936cef98db04,0.004932561759350112
ck_6bc351a3d57aac54,0.010885567194368465
ck_af5842fa7202ff25,0.01004639262922532
ck_81307759252571be,0.008846475911829054
ck_b4d2f02d2cd45720,0.2748664325126689
ck_1bd753a4681946c8,0.9691484399132952
ck_46d8c029d46867b2,0.0031456526018389234
ck_b7da6640fa2f49cf,0.26768155979933966
ck_9ea3d5a5a91fef9f,0.12901450994061717
ck_7b922518f667f76a,0.0026165511467143195
ck_2a5b31594206eb30,0.8099866734576776
ck_d9506476ad3f9e08,0.014475544850322397
ck_c8791f7ebd4d93c7,0.03654996108557827
ck_b5a3e20fd210017d,0.012614545077561889
ck_8e54386f4fe22cad,0.009251284926266609
ck_75296704f5806f56,0.02666469798428586
ck_0fbbc7a6af300368,0.004580935008128088
ck_d19bf4dc0627113d,0.003810622555771756
ck_7951bd4eb99a0175,0.00395127563860496
ck_059e4fac6b7f704e,0.005882943598144248
ck_2ce8931af02a2ce3,0.015539596437410267
ck_9e665618a4860306,0.008741092059423755
ck_6fce5a893613fd2c,0.0024947519852459815
ck_9e3fbd04e3532f32,0.14009051319862703
ck_55f2ef0de3420e3e,0.015924720504859786
ck_8d87658a6f5d204c,0.49140820571327637
ck_6d6ac1f5dd882aa5,0.003383212418792807
ck_55d0c7012d7ef236,0.016971317145987357
ck_7738eb085e5753d6,0.010897952545569188
ck_0e6e05c3cc8c8242,0.018872458597222114
ck_8d27ff8383d48132,0.005511167898265356
ck_9afc3bb849f3a64d,0.015147071943551466
ck_27eb86a9898cdfe3,0.00625391978225567
ck_1d40e4fc541abe93,0.2049168700982009
ck_4fd9dc00e1913587,0.9714451337033543
ck_b26cdb2b7b165d2e,0.026941084970699594
ck_a79a27767a02e31f,0.019698974711338448
ck_f0c18cb9f951a71e,0.017798495443848702
ck_50460e0189de6274,0.9376629662315029
ck_5e5280539257c986,0.011051257963241487
ck_eeb854318b3a6f0a,0.006792374882923508
ck_943f66f28dd24750,0.0025960689542945947
ck_984dd7452aee372d,0.04072049037510273
ck_ecaa6de0aca5e9a0,0.062209792508225566
ck_8f1cbc432e2774f8,0.048667198214767914
ck_d91d9f8445b9769a,0.22076121769639023
ck_73c18e03e3c7612e,0.0025291197080245997
ck_aded05ada490da20,0.010283131799376342
ck_f744e208183971f8,0.003060695287415993
ck_02d4cef6358ad3b7,0.007836285461970214
ck_08ff5bd467226a5f,0.002764455826912756
ck_f824b326d5089885,0.19764396313556581
ck_3420f2fd520890f3,0.01288308607620363
ck_1838cf8d00f5b1e1,0.010730955186790594
ck_a85182ad90b6f1e1,0.0030928799481044285
ck_fecb39c82c43e76d,0.008922833847714287
ck_162513e73782929f,0.030567353478166838
ck_2c27b77c59d8f23b,0.061710123681175864
ck_4221e07b17388fd3,0.036411531629587345
ck_adfb8472d5c3d669,0.02070302261624822
ck_0742fe64055d686f,0.0031677352018127016
ck_5060aefcc8b6f958,0.023092465299957714
ck_643f549b4ac78a26,0.31435445447131866
ck_dba767885bd6ad69,0.009560030561805348
ck_0dda35c0c64c7073,0.9808888426457701
ck_38ea56d43afa5660,0.029119311338421622
ck_d813e15ac91f487c,0.0865387179616055
ck_4c840e5585a7b167,0.17103040778571266
ck_cb8551453a7bb929,0.010185688595035783
ck_05a00b1dd5a03359,0.005894889920690973
ck_837cc7fd48453a01,0.010075786291844573
ck_49dd816b31fba6b6,0.8083285426693095
ck_86a61d9a39768e87,0.019320608742017287
ck_cd0e76f0e7bb38cc,0.022501824646157964
ck_dbe58392635133ca,0.02620422259280604
ck_3caec7dd6f8d02c9,0.07658883938613983
ck_bfd9bfc5b6ab4a54,0.4342980293780461
ck_2103399bdb2898a6,0.012892537335893947
ck_329f7de7279e74c5,0.0063684283452777905
ck_9bf0d28119fc42c8,0.011363984611484116
ck_f781539b1042dc83,0.0032378655196985944
ck_9986c7d781ac6b4e,0.008530664283183794
ck_a627734880aca848,0.0020431731906075967
ck_2106e509d77fdb4a,0.3752689847957433
ck_420d1a9c604293ce,0.013119089893147052
ck_fce0610c527e2b56,0.017495204366480437
ck_073da541ec3f9d3d,0.00795068162960587
ck_aa5f3ab48c17fed8,0.13146939834003823
ck_0fc1086e1c9e04b6,0.016413845944021798
ck_5c33bb46c1a5945b,0.031341823950609096
ck_500948a8d4bd8e13,0.017812288164684834
ck_19becd44f2c3d2b5,0.033383282540211806
ck_7d0fe77dd5ddb656,0.023229415240934633
ck_f158d9e5f101bb35,0.015755976455603116
ck_cdd7c77823c2257f,0.12178638033765865
ck_6c7b41374f9b2e55,0.007976032624582977
ck_417090dbffb1a63c,0.023406937896612082
ck_dd0e17605f970319,0.01374303406554504
ck_3646515079e6be55,0.014997858718610594
ck_89c8b06aa8c84b2d,0.23574148952360915
ck_e4d6dedd97233c07,0.0174839434404517
ck_bc82fb1895fddde5,0.003810811089677674
ck_88a8b1d442ca3686,0.023228651078326255
ck_5791f8f76a629a4f,0.07498601213146135
ck_9cf5e88e97c8c7ea,0.01130039802307287
ck_58fd684aa5a6f289,0.0021615814094336477
ck_9800c21dfbd8e811,0.004687761521874347
ck_8ae64df60ab6ccda,0.01310445221423785
ck_e535fb0f0c00418d,0.06470277566621385
ck_48011996d54855ac,0.36183831007331113
ck_ac79c72a8fe3fdef,0.08553156026507072
ck_b8cc2df5192bc49b,0.04026724487655489
ck_e96a5e1f08f8a867,0.006240508874444511
ck_84df6770549e43fa,0.016921255518177834
ck_e5f7b99ba6ec5767,0.027062729788243572
ck_8347455ab53ff620,0.008596513329870027
ck_a84f2cdf695a71d6,0.005881696355591257
ck_90456160115f9ef4,0.007889566452609931
ck_ebd178b3f3a9c50c,0.014781636410401259
ck_e1140be6157bacbe,0.004395852867196004
ck_744ffc11d32b96bc,0.0053907580180937165
ck_e12a9f7d027e3387,0.004734979482128605
ck_cbe525da0b69f18a,0.018822104936841444
ck_aa59702537557ff1,0.02880979225072724
ck_0348cc6908f7f3af,0.002959402200260238
ck_120e995d50956bee,0.07297409499165675
ck_9fcde1ff46cbbea5,0.001848564212794061
ck_54b0b070689c50d6,0.003869674151636197
ck_966a167758fddfd4,0.0253119157932086
ck_d5194f2e92fd6427,0.012118006192607918
ck_2ee84f3fa27f2cb8,0.007228697044016795
ck_57d0a7eb7eae2eaf,0.04306761943629194
ck_6a2c4edd82e10969,0.002667797664343513
ck_96e4d38ef670eaff,0.01123639405998801
ck_52cc2fd5095b169d,0.016167716634500263
ck_4b088920f3a844c1,0.051654884966830523
ck_8f3ccbd20d59f1f4,0.0047647059440873284
ck_e5e5dc431bed6f9d,0.00748255563445771
ck_e8b5bfa6838e28d1,0.06803872140671605
ck_4bfeb78b47b7c6a1,0.06289476738514688
ck_a705c61bd679496f,0.008661710952074252
ck_731869a0c39cb2fe,0.05265684157538259
ck_259eb102342057ea,0.004272504936451221
ck_47a6005fabc33551,0.005028708250018647
ck_682262b455a9edd4,0.002894527015435099
ck_e839d104854945f0,0.010642067520136503
ck_761989aa4c47d746,0.01748437833541568
ck_44211dc210139ed3,0.013581739902739715
ck_9915ceedf63a5289,0.03956309474595943
ck_da59ab47cb6284ad,0.004776687764774264
ck_e5cdbfcca2456652,0.006652773462240078
ck_13f2560c6a1ec62f,0.03373444648049374
ck_a0543e9b3abe1001,0.1347625269220322
ck_11c7a58e09e6547b,0.03552151802521409
ck_69587a134d43a4ad,0.19546882523427828
ck_28dc0de0ae291f37,0.017121863333353915
ck_298922703c5bbe05,0.03333018451276285
ck_fa5ba9ed9ed6a343,0.051809664006176266
ck_c08e64d424e56c05,0.029527614735259094
ck_598e036a28262aeb,0.02564740452914973
ck_3f7c870510083a51,0.00719074910817259
ck_364f8203a3e98d36,0.6926897144372519
ck_7333cedb61506ead,0.007795064798637344
ck_1d96d7fd65f208b2,0.03552276930029528
ck_63133a79f23e2627,0.04004194856921326
ck_901d820e0b72abae,0.0032188777994949127
ck_5dd80b3c01457bd8,0.0247264900611056
ck_c0b8067c144ed6c1,0.018588998159697716
ck_cebb8aa8c8f62c60,0.005853062231408123
ck_79749eca42ff1f5f,0.012844993996756435
ck_2cc1d9b587f6da31,0.27292227891659787
ck_ccc7916b56d42195,0.013223112893904647
ck_e43e53cc7b8b8e41,0.03132658143969044
ck_4ab74a6e7450416c,0.005347032978991845
ck_6e44024e9de301c6,0.002141707581479249
ck_dd78cb6ae2866cc6,0.017422699907596574
ck_c363d3b050baf3b8,0.0677483676259732
ck_2d46291975f0dd08,0.005285365427255228
ck_76ebeb5aee42f041,0.051654884966830523
ck_8395f004cf4d4c08,0.004351527432993781
ck_de7259c3741db179,0.012909589690855603
ck_3938e92585df2b34,0.01280161970736226
ck_af69bfcf4f07d932,0.023779662532454695
ck_1723900ab9afe374,0.15271106480220564
ck_3d58628d1c853c8a,0.006209406858008451
ck_12a074db100481cf,0.10054082804469758
ck_8716cbf892c50e29,0.022098522517616622
ck_fbf7351958ad9615,0.004994181659142947
ck_a50370907e6b397c,0.06446651195461925
ck_937402a60df0821c,0.0023375301868523244
ck_8ce9c5807acbef48,0.008883959574959027
ck_acf7d65eaaa4c31c,0.0066678342438670725
ck_ec3eb6dd0967cac5,0.022217550080510105
ck_fc832b0c90c9bdb9,0.9294646557808501
ck_8129e81cde280131,0.012779977596336938
ck_52c0ef68aa2fb8cf,0.016414829570239986
ck_06f042e9b1b662fd,0.038498293573056584
ck_0bf35dcf7b38f650,0.0031567281894107446
ck_615763afc2e17a7f,0.0021944136089068257
ck_e72db9d4b2fc9997,0.9856478324805227
ck_13757bf0eeb353e2,0.0055351157835067276
ck_abaf371ec8249c4a,0.06683348134725588
ck_9b7167da0920c37b,0.036629065147814395
ck_2e824b0b27494a17,0.0445601522266966
ck_9a0b605e9c3220c4,0.01374313758423508
ck_a5276af466b681de,0.004279029843639124
ck_9e0383e1fb6e214d,0.066064468311847
ck_6a27c44b691dbfac,0.003986676089229254
ck_af39767cf583905b,0.008471480063363918
ck_243b1b9fdd3f9a74,0.004974615694414031
ck_c0422e638a9c6046,0.01851039617644705
ck_e0f3ea3373dfc4aa,0.016424948521004318
ck_d56ee1654378ffc7,0.022608350491618304
ck_20cd2f5666719baa,0.00380377289829735
ck_4dfa1c1e9b69fcc8,0.011319428314660158
ck_5d22e9ca1d15180b,0.4415778413603861
ck_f4a7ac178fd55f0e,0.0033659313587408265
ck_fd5609bd23a1eaf8,0.012772987225963416
ck_49c3bf13dc9471ce,0.021149974960951733
ck_724085c3452d4693,0.1704198166850315
ck_e5d1462846154a75,0.02488708287769638
ck_c69ef0f3e7d6acf9,0.18660691252810935
ck_a2d0417791d4132d,0.011293271900029949
ck_00a07fc2a9183c3a,0.0038435604865282506
ck_781b8288e54ba8f8,0.11112957370648908
ck_d74a62ab3804a81b,0.005064887727371211
ck_abcbde211b6267f8,0.056636018249946844
ck_16dbafc035574654,0.004388679133648924
ck_018f780215ecaf38,0.007678462638513161
ck_0b259620eac51618,0.011404153109052944
ck_4f875342394c110f,0.0505053429700951
ck_399e45e5fe9beaee,0.0101314029882769
ck_36224a2d394ebfe4,0.09823571631287624
ck_c189b551bd111332,0.003845531975754192
ck_125c5a720ecb177a,0.07665388711596038
ck_76d010aa02eb477a,0.0016887373163390965
ck_1071d14c46c92379,0.39316094771515
ck_61d244b2cde483af,0.014083759615566068
ck_2ff1860da2004c84,0.003245304738109897
ck_c5b583490198672d,0.009350440571652248
ck_1294f7af22fade11,0.07779739421834078
ck_e3a22799716df39d,0.013533786583343305
ck_c77e22834ef97005,0.4491893612626536
ck_73d3689728270a2b,0.003460165930612107
ck_295565fbf77ef885,0.006356893095431008
ck_80c0a7f54ff4895d,0.004960941482365753
ck_f1ef5cf7f10b16c8,0.015920627683864482
ck_a958b2461ffc21a2,0.047534450815918575
ck_0e7899a57cd617d6,0.0035105428468030003
ck_9d4fed252718f58a,0.024358495581738228
ck_83c2c34add971d76,0.0022818835710252073
ck_9ccc030ba2de9fb2,0.020083316987391485
ck_cd691e3466fb3742,0.008823639804293987
ck_49df70f908dfd069,0.07427362675369056
ck_362ce13eec1e33a0,0.005804071141557751
ck_2452a30397dfc54c,0.009670581214573823
ck_a443d49c2b4863b0,0.006627600629020695
ck_c8b2e2cb349dd0ff,0.007119985847937274
ck_354909fecf5da8cf,0.0109733209952268
ck_841f598bbd54c83f,0.036392684397393696
ck_cd6fbd4e8724f994,0.024955656619691704
ck_e0b3158111370118,0.01746035947917332
ck_4c2f2eb657c2c60e,0.00519489604610846
ck_ef346071f0b7654b,0.0071840406912948955
ck_f3bc10e3decefce4,0.00537866206424565
ck_189b6fbe9b9192e7,0.012898166397925202
ck_5245cbc5ff4d4fa6,0.01690293595730651
ck_cb42e3be6fe87f60,0.003555540526859638
ck_966d4d713cbc7792,0.004024395890507473
ck_1c8c969667cbaab2,0.8264563131199107
ck_d35e3aa9ef5d405e,0.12794140051055297
ck_a1c39df50a5873b3,0.029620359517017088
ck_a152165caf295b51,0.013879309534229842
ck_891eaedae139828e,0.013260800211187293
ck_1a46b56f4734d52e,0.012841775521307148
ck_5e36042cfad96c99,0.35593862009552624
ck_02a8582c2603e675,0.010962943850473762
ck_6def9d0429e4ed4b,0.011136937176540773
ck_e137400825a1e3e6,0.012244659499710682
ck_d91ab840848a54fc,0.0041124415432984346
ck_becb6e1c608e0078,0.004935358701328348
ck_6fd8c86ac719d7eb,0.10517719988324557
ck_3ed4d13f12fd9d0e,0.08646512339654239
ck_007337aa99a4891e,0.0027533677097355607
ck_60c3d8306527a08d,0.004204514545135627
ck_95458880a54df0b1,0.12058666871846299
ck_b48cd8593533fc1d,0.7895371950608153
ck_021c6a4a7e3f1f0e,0.002541071279300211
ck_764d40f865e710af,0.007955357630843747
ck_4b84357ae8ec7777,0.007992627728737253
ck_3397c7856b4669a5,0.003424290374691625
ck_920bb003b42e6310,0.0053536474107363525
ck_8f59f11b512d5b7c,0.17847684838197714
ck_a3acf4b986afa98b,0.09052411999115996
ck_e89d25ed7bdeeaea,0.004596997982804322
ck_70e6bca473bf6902,0.009917413348106856
ck_186161ce152836f5,0.014800767674231994
ck_9191579254663f5d,0.00732211162320836
ck_1e6628879e9d653c,0.00869639880688311
ck_b498fa91a0776ff6,0.009056245737395177
ck_cfc2384f22954830,0.09147890941182261
ck_17673a1c2867888a,0.002601636206662641
ck_523dce06515b072d,0.009875375473719689
ck_c20638a325ead2e4,0.0037352633744306943
ck_d3877e1f907cc148,0.10376746350324105
ck_e9a2495dea8675e2,0.0112005678168028
ck_7e561caa5fa1f3f1,0.04354659910377929
ck_455672e652fe1abc,0.8576428641050692
ck_7f8f864fcc90ca82,0.011478907142548293
ck_1ad36046aaeb816c,0.0064856841400389624
ck_de056e37c82e8e00,0.010724845074545757
ck_7484c214c889fe7f,0.04175078889630994
ck_32430e678c4f9f53,0.004452520263259177
ck_6276ece8f80ea799,0.012608881083956391
ck_ae8e5dc4b725bc25,0.040059974924728355
ck_f01be92dc78a2dc7,0.004359049957740178
ck_233397a8bd40d38d,0.005982152229863743
ck_f8124911450fdf31,0.8086039315733202
ck_aa0a3179f1111674,0.0066023455399860514
ck_2366b29ed9887a5e,0.0028014212235830866
ck_1f22f04dfc08cf27,0.0056677189280252525
ck_b62276c3426d680c,0.015073026963890731
ck_d099fca88691f66f,0.05065336504989634
ck_166bd1dcbaf4d6fa,0.0024622881405977964
ck_7b1660e942436e12,0.01788881685705869
ck_4a9a791a1d409a3d,0.01890514664258149
ck_b003e5b54df65db4,0.017355164889577154
ck_64b4dcbf436f0b75,0.007236476445312221
ck_26e9a7bb2061a58e,0.015241497679234531
ck_08b77ad5f8f73007,0.011412953951506795
ck_366616a725afc6bd,0.013501900147150981
ck_934fb5064b6eefe2,0.003120616573635433
ck_c6abd5d57b1009d2,0.002218598127538973
ck_edcfa9e1cf29d813,0.030779165614660205
ck_c30201ebd003fdc7,0.006979863451318399
ck_c54643d94d3ce355,0.03285788224127269
ck_02adda6e91e49650,0.05078773956563039
ck_5b73d7c5255e58a3,0.1624124898022666
ck_129ffae92dc01408,0.0029762760001641733
ck_fa321945ebedb916,0.06268053861234411
ck_8da980cb2e1e2bfb,0.017714715136484392
ck_0576b00d728bdf19,0.09510247514122847
ck_c543d82e22b3c8a5,0.005160076447117735
ck_0027ba644f9ae2cd,0.151389808742413
ck_8dbf61df902a6bbc,0.0029410255387340477
ck_90eeca1cda79fd41,0.0037497426159199747
ck_86d7127391d4e01f,0.00427286056081569
ck_73762038c7ff2f6f,0.004811835930067774
ck_a1484e6215fac651,0.3981399107193359
ck_cb83b9f806e90dc6,0.09794413701655705
ck_8c6f059c95872126,0.0032011170797645815
ck_3174419a81e7caf2,0.006970924087756774
ck_6a0f8f8fa4a3c2bc,0.020707310827423827
ck_b5777605668bfca1,0.005083984572069363
ck_27e4de495abb4d15,0.004988483174764038
ck_7f6fa79c7a107161,0.016402007936012073
ck_c36ed9f8e6792ea4,0.030021806477205547
ck_67a1aa88d2ea554a,0.0219948179279624
ck_09748dfe4df3d540,0.0031736841450906174
ck_27fd85b1e38b675a,0.0033715276196893177
ck_2369689bd795ee10,0.005256696438135498
ck_4eb1c12f7d092bac,0.0016002907984052277
ck_01fbafc42c8e33f5,0.018812934253135294
ck_93c4e05699b3b7d0,0.010493990234825237
ck_afc484d1b6907983,0.009251711103771158
ck_1b2d9cae92a1aab1,0.10417825267738888
ck_73b729cb161487f2,0.00728252397413426
ck_fe3c1d0ac090d960,0.05261875589594505
ck_408efac1d3885ff8,0.05627890213183425
ck_ccb4dd9d0a48a76e,0.006401599973490291
ck_2987eab34ca7805d,0.022259019989096993
ck_1dbf1f15193197db,0.04447271048272858
ck_4ed711fe4053e74d,0.04817805656874441
ck_6c54adce174f45f4,0.006888459624912427
ck_a6c740041faf0bd5,0.009486428614967981
ck_b05c4d33c4f43639,0.04047109750265616
ck_032880f1114dd51c,0.02118265773939035
ck_22311b037456a76e,0.0038150514868592134
ck_5866b413549765bf,0.003629633422571449
ck_0e808afe2570ecac,0.016149442220919113
ck_634276b05f4381f8,0.012064231862848291
ck_5d8773badd0d4740,0.0186374459805535
ck_82b5b79ce3517102,0.8988899552792143
ck_b378b8d8100ee4b1,0.012879996903155246
ck_54e581f71be5430d,0.0025608933455850305
ck_798ba4b8aa544fea,0.0020504938410931804
ck_3fe86b6331ff95e3,0.2841617653179156
ck_81275d9d4c559e6f,0.006958508852660531
ck_99a4e5ef02d89493,0.028723882885857758
ck_54e2eb018d947790,0.03572478306028852
ck_966901ea9c77cc02,0.0076696836916418775
ck_27d69ff4e0cb428c,0.12568201395774783
ck_2cee2dd7bbfc09a0,0.7515461011551124
ck_4136b00924695ab4,0.0016281647469606785
ck_59a164c40c03a45f,0.05369363815842928
ck_3e24b026bc66789b,0.001959060421439294
ck_8105bcf69a75ee47,0.006522068431112793
ck_7a1782cefe26a456,0.032046647540375985
ck_970c7dc195161272,0.006492854493940027
ck_a48ec0c00ae20e82,0.02160711303454957
ck_54b374ade34e1dc1,0.004744476862022476
ck_74e5dec189761d14,0.00309587559243453
ck_4717f24f2c6f40e1,0.06905561839935097
ck_fc8cd8a8209e802d,0.010526300592291302
ck_71db4131d7efe218,0.004192584198385571
ck_45424ea6f0bc4650,0.11825603640403998
ck_3716c6181a5035bc,0.021802058021749882
ck_26de14b96bdad4f6,0.009235634784041163
ck_99c0a41ac9c73857,0.0036147041765103205
ck_645f15bbbcff3b4f,0.9718489204670644
ck_b7e25ddd41514d4c,0.003267146547551159
ck_d5c14e877ca7b755,0.004835410545817084
ck_05ea4440dac6cfad,0.02200887897464571
ck_c58bafff7b1955cc,0.015048093540471683
ck_f0cf85b67a9b840f,0.019948243519325767
ck_ce1500a7f0d03fba,0.016883024251662593
ck_d4972a775aadbbc8,0.007789594214888406
ck_3eb6146c262e0fc3,0.002995958140447427
ck_afb23858a4ef42ed,0.9389011358102115
ck_2c1def5c91c52a5b,0.19619088510534263
ck_72e550559487b919,0.004776406175721059
ck_0284dc2b4f856b3a,0.15731029619507306
ck_03be334935e999a2,0.006752077143860853
ck_e35a4b4a3cb4cedf,0.021121687754429498
ck_5abe57dfff4b735c,0.008925449538377307
ck_f5f87f772388efa0,0.009591506567905838
ck_5a22cb36d612236e,0.004652882205847947
ck_8ff1e6028e764472,0.8313856913664904
ck_2ab28149b0986642,0.04289975085126072
ck_c88fc1bac79fa6d3,0.05872959484528365
ck_5b137d74bba6b1b4,0.004016254817531495
ck_11f362dca2dfaf5a,0.014794059697795589
ck_7f960541e5174565,0.004425904460482041
ck_d5458ba39ae94498,0.025494820729123093
ck_0a921a73a90c2e39,0.04850134721798612
ck_6ad56ef40086dbe4,0.009800013827507104
ck_b68199ecccf2350c,0.003693549625210779
ck_6dac66c8198c07d8,0.02535050959933192
ck_9b9ce7bebc235fe8,0.007172011045994789
ck_6b817117d87063a8,0.018037505261577564
ck_900d62b3184378c7,0.0030004068546368536
ck_eafe9b89857149b5,0.016913492387322974
ck_e74716a525ee5b24,0.0029721192925512936
ck_4e9a6f06ab134102,0.011168397157654298
ck_b0d33b5a3716661d,0.005341977051752154
ck_8703543bf3134306,0.011904067370055234
ck_923d6a0f83accef1,0.01472365659281857
ck_52e37e2170532e2a,0.39174430121974024
ck_c1c5ea839c58958a,0.028598541427282746
ck_660f0006780e87e7,0.007495582798733224
ck_830b2c5d1818ac07,0.05945210296583507
ck_b080ff636932d1f1,0.0020051814590027945
ck_38730aace405f2ae,0.9842777867164029
ck_9790138467a06223,0.0024885140121893184
ck_10de0b0d86b17839,0.003980197575921322
ck_c3e37a4d3382c32e,0.0030532328312113696
ck_dd8edfefa1eba531,0.002745373957042564
ck_8153cdadd300d234,0.004337317000834646
ck_74d0e7c2c6b63d36,0.9255382130955795
ck_c478aae3031bb328,0.005429484101300161
ck_cf301f2194975866,0.009520936019287458
ck_f4de03f44e3a5bd5,0.006675303580773549
ck_b06ce826e593b210,0.027592956079647037
ck_2fc70b6baf6a0e26,0.003921805171245227
ck_d208494cf5c90047,0.06505885045208766
ck_086d29ccae565e5d,0.006299406331331536
ck_d5ef6dc116dee408,0.010480906076396632
ck_fdf0c5b722d83464,0.01333559869186496
ck_de8494b13adeffb5,0.008579904363816386
ck_556786868599143b,0.012177696467862605
ck_4940e78cbdcfecf3,0.020770891218698365
ck_d32fbbfe32c00416,0.009220808639317707
ck_bc7710f7e9fae649,0.005839096004215375
ck_416f7ac57da081a3,0.01635761718093832
ck_6fb39b60c67d5475,0.007278075806841767
ck_e40a156511345d6a,0.0028435947106173944
ck_49ab879b5aa7fccd,0.16557393997618028
ck_bb643194d1cbc47c,0.98031734636169
ck_b3ce8f1bcedfa043,0.013628087156160425
ck_558ebde8c29132a4,0.014910875566734828
ck_e6222925762273b8,0.17625219900756453
ck_bd80546b4807dd59,0.022627329387415015
ck_bd21164bd2bbb635,0.023775339262248153
ck_ea835557d7043667,0.004281627419125524
ck_1411a80a157ff39c,0.008847055074648485
ck_ab973888c20c9120,0.05351895162713036
ck_95b48972061abe82,0.004478683800941905
ck_fc4a43f8876bf10f,0.2714620867488218
ck_f34fb7ccf82f41e5,0.010289487115525254
ck_5af9934a56801ac0,0.008376652663705724
ck_fc7445ec76389a58,0.3872440036370067
ck_1eeacc26f02fbba4,0.0346382550593014
ck_4f325dd15c9bd45c,0.02447377588809167
ck_5009a6c8bbaf15ba,0.018294164623600884
ck_0f3de7f074bb33af,0.006641953479514104
ck_2cbc2f93a32eede8,0.08282529601282654
ck_4bb90a61c21a303b,0.010237951999307522
ck_3ade9eac7d7b0dbf,0.13118906438454359
ck_4859a58629622915,0.02529760692712317
ck_5fed957287ebca03,0.003383472875452131
ck_ec01ae5351500355,0.0045815403717256375
ck_703b41624ae6a5b6,0.002716564430061284
ck_97c38e7f61c27e47,0.021949237659505464
ck_db2c0908150cb2cc,0.030774947174300793
ck_64ac5e6fed86ab60,0.8000569717012465
ck_da1c853b0a061e83,0.04344727241068855
ck_9a36916b60178ded,0.8522044397471606
ck_3715bfa7fed2c675,0.006550771190879708
ck_dd3feb77d7d4f6d3,0.027610432836444713
ck_982ebb24174a4ade,0.018181379515013255
ck_f6b7a10d47dd9a1f,0.012110349545982932
ck_1f56fe99f250cdf4,0.025047156861846276
ck_deb3ac0606d6f6db,0.01668414532619675
ck_e666629e5a41b39b,0.010117248127295763
ck_756d2c13d02b3e09,0.014739810260246768
ck_7bc752ae7cf5d55f,0.01804049766466089
ck_fc0cc4b25e6a8194,0.008582858426705255
ck_9b2b0e286de78a1b,0.012748731562874418
ck_24b0803447211bf3,0.025764699833648763
ck_82eed68d05a42128,0.06411755858438789
ck_c8a03c516ed5b05c,0.20569776703135545
ck_e914974cee1bccb1,0.009377357145166122
ck_0c533ff2d0f9962a,0.016680808149391133
ck_c12805fa5d970a83,0.05771530251273906
ck_fc2cb29918631f10,0.12067707684250564
ck_c20e89afe575549b,0.004816088707763823
ck_e1ff9e31becc27ae,0.2588938021621013
ck_18116d0ac08f1996,0.8503610386644758
ck_885a83975cea5e64,0.0050962718250617215
ck_a0c3059a959ba5d1,0.020215376897953802
ck_75257ca7d7da2861,0.02889132665407716
ck_2210f7a0d13bdbef,0.03927975771081276
ck_9cbd9ecf8374f65f,0.008520463853490399
ck_18f67c00ba21fbde,0.006674338168833938
ck_2d28f14d3973d8fb,0.003389453263264757
ck_8b3401b44aaae728,0.0068460484864340835
ck_9d8e9ef37797d3af,0.708296126676723
ck_9f50920c894f64e1,0.020414394928149115
ck_4737e0d56c6fa0a1,0.017932263992910265
ck_52c311f29ca3aca9,0.0015523897890930111
ck_6a4981bc721df37a,0.039809252349987584
ck_823539d936c55fc6,0.003071573581351548
ck_df5aedb4118020bf,0.8549908403876352
ck_a911a066ff0f7b56,0.02797539820749962
ck_684609767df4a14b,0.0558508699775967
ck_f2350bf355dc919e,0.033105237255244106
ck_8452b6cf97c65a5e,0.019545107972297214
ck_084cd84501012218,0.5772314255060008
ck_ace6b72e5bf3e93b,0.09533846419395975
ck_2afdd69094c955c5,0.05721979751159253
ck_fa7d5be26bf7b31c,0.28402632232499564
ck_4b041217690fca2f,0.028633546946076154
ck_9fb8e3d38cdf276d,0.9492140509736956
ck_c1ee56d65a42f59f,0.008127242559302486
ck_fdeaa1cd085691f0,0.08261674063495517
ck_5de33a7a87e9aa62,0.03502264434597533
ck_7476e7fe1ff45545,0.04495826152765074
ck_b0a947b498e47018,0.012421289582975106
ck_e3894ed88a7977e4,0.004085226439460074
ck_c7e07ebfb0bc15f6,0.016672469542026086
ck_3a3daa8b376f2a18,0.0035662571449137093
ck_87809324c2675b0a,0.017729174942500314
ck_7eb4f33260f1dcd4,0.01707319117750141
ck_ab9f0e08af030060,0.024436792692001733
ck_5b8fc4a76f340797,0.05119506291305372
ck_0e7bf10ef49aa818,0.04069549070354181
ck_a44462a3853ac67e,0.9649762541094539
ck_2d14bcd2e0fc043d,0.0035096643388972436
ck_df1f2dba802296be,0.7995586496169503
ck_466a7316eaf149b1,0.06106066393237715
ck_50df50af592b0c06,0.008727577260998497
ck_5f9e34c849704b95,0.003711260001687107
ck_7836bf6def26aa87,0.008747070725808263
ck_ba175b1bd8efaabf,0.005161442473111537
ck_1a0aac7f7b94b1be,0.2975179299773613
ck_6768c4b2aa8ce586,0.006200696367743664
ck_eefcf0ed15897898,0.013958857969261045
ck_7a6cb27e390b6ceb,0.009546053993346064
ck_5275be4e1577c1c7,0.0043928218650145165
ck_6bc0e5b8c0b7d2bd,0.017234984181242946
ck_4874bdec79f9106c,0.04831990685735751
ck_a678731156ad7bd2,0.2525254631308883
ck_db906debc36a5d1e,0.025111753446276766
ck_e87897767c612942,0.013647419437463254
ck_45ed5ee496ef8a67,0.005523831102873118
ck_ae20e28f9854f3ee,0.030613385025339505
ck_9ee044b73943a90b,0.012909420723014755
ck_dab34cf6f0626c9b,0.015122362154454318
ck_64a02b7b96149810,0.0028457642543114146
ck_c417d06f3e94685d,0.010440825833501732
ck_3e0149cdee4cb294,0.046996254753326555
ck_0e6046fc30f81705,0.01372654993801582
ck_c383aeabd53e9c89,0.0189810140988825
ck_2ef76f1f36e8b869,0.13704691177855685
ck_43948784650bb9ac,0.010257001686222064
ck_bdb966f43ac350ee,0.07988784494841655
ck_5bea0e0ee0b094cd,0.007669022595758432
ck_dff090f03ca5529e,0.004800851957761613
ck_a4691b57f837d88e,0.015493604898377993
ck_99ee90946395d74d,0.5140396415882549
ck_cc81dbc83a8879fd,0.007206646266078357
ck_f3dc0725621b3a35,0.005064740201969844
ck_1bb212d1288b9689,0.020650043003981537
ck_9e7278fc7679f002,0.024893464023332645
ck_3ded7a8720d7e311,0.005841253690042208
ck_798157bcdb9453e1,0.004536298370013892
ck_9fba80f56f357fe1,0.006492344915870236
ck_f1e1c8491f16f912,0.004349376443108257
ck_7b1319a5ca2f63c6,0.9432010449397532
ck_124432fd5c92af7e,0.8301874754994935
ck_148cb0c723284dc0,0.01182276668052697
ck_b56c62c950eda009,0.004447079230263463
ck_a0498755cd8d7188,0.003516848579040524
ck_5379452a9d74efae,0.004578218218769888
ck_6c2453229d608183,0.01325229458168679
ck_f9d8b4813a88c1e6,0.009380191546283554
ck_c2c7d1e45a521857,0.020810289074657796
ck_4364a83a11743888,0.006390522936229815
ck_2cdf5fd97ba75e06,0.06185896796116667
ck_71bc01291e0533a0,0.040143704579105814
ck_a725d7aed2a0bdc2,0.002537725531205267
ck_a9b0c4dbd7db6a91,0.028593104498829923
ck_a4258806a533efa9,0.020147051563731862
ck_905e460591d9a278,0.0401859255386653
ck_20de8abfd8960ee3,0.012416621878569333
ck_252b0a0f1119b220,0.0021492946349916642
ck_95e4bef65c36af1a,0.0037611305914307734
ck_5ab68b434ad53fea,0.0038565088096579555
ck_13677a1957078827,0.0023038900540838553
ck_d251e9fa09e542dd,0.98781584625565
ck_700cb620f300dd47,0.024052253931750773
ck_39a68c55a1bd3ace,0.18218993485974921
ck_61a59a7944d6c53e,0.13602257940975024
ck_db6d1c6d31da967a,0.0062935323280215606
ck_650020c500b1b50d,0.011246204708305356
ck_d812eb6930192793,0.0030462150303358416
ck_92f6ebc11ebca89b,0.018678808211043986
ck_d87e26eb5bc84b01,0.00222096413634557
ck_66439e697695224c,0.003493502846024401
ck_f21efd504faa654c,0.0064179592774334555
ck_15eed0f5652f0352,0.00811663577670154
ck_bcdbf57d98dc0d27,0.025825970877894334
ck_873ceb8004d3a9f7,0.052760143863305096
ck_70bef9ddd4bab005,0.007903655744325356
ck_7560f1891d66f294,0.0022649317245815267
ck_f439f16f8693883f,0.013146856704953452
ck_14f9535e53f9c7a6,0.007560024104569505
ck_5984be472d2bc267,0.2955491072701662
ck_ed01be7504dc4187,0.04727488009886363
ck_dc3d8b5c17b67ae9,0.0030003551890131854
ck_9dc23031b6b494af,0.028430944406946122
ck_fbdac0221bc03f66,0.015831952083747786
ck_863708a99b92ef0d,0.03757188769658077
ck_22b52654776a1ea8,0.7476782590806843
ck_a0714f98001efa0c,0.019577381652146845
ck_9c56114f84e9a541,0.01721077933648488
ck_e155cf506b2fb699,0.008694428295637845
ck_65ed7e72f24731e7,0.0038506358833057456
ck_822d6e8e43befc72,0.1828147952879753
ck_b1182471d9ac6b26,0.0040250728253831865
ck_821446adc95e6da5,0.009039968197240138
ck_ff182f033134dbb8,0.10735807782426061
ck_9c5feef7647b0588,0.029222457870817894
ck_df935d8bdd44883e,0.009769148661732206
ck_01eb24c18ad11fca,0.04855160146378866
ck_00d6730134a1eb51,0.0066774541190680005
ck_79ba8e85678d0224,0.03265664521892336
ck_97e3b04a1350f6e4,0.028176593207531585
ck_74e9747954a46eaa,0.007803125279094011
ck_397d5fcc9972f909,0.022337594202537014
ck_9ede89e8a43c3f53,0.04998839538734405
ck_303b33910d67f306,0.005000955261261176
ck_3c17841636f6f7dc,0.006090954955497496
ck_78730527f8ba1438,0.2424720410317107
ck_5ee32bc6bb5d1d4c,0.13710867035700758
ck_a13fee8cd925d0dc,0.01801430094593693
ck_6f847263379f2e43,0.026475119236477523
ck_9b9d9e579e7b55b2,0.06614069233634616
ck_87c1d0a79e79c84b,0.024182641077467495
ck_bfc453eabb472f91,0.008041132687104352
ck_978c21bb5fe3171e,0.023349594660685518
ck_dd882323474431d4,0.06994598054148705
ck_533c4f7400d5ab22,0.14323808256464213
ck_5f217bfe28954e75,0.9760127018341201
ck_ae96d35465b3b4bd,0.008865885080157737
ck_512ebe97c0af94dd,0.10282239123766632
ck_f558fe02bb0219b8,0.010255376895777086
ck_84092e23d5ef4d51,0.035782439906363754
ck_17d3022ca12eacd7,0.00793867997051254
ck_8a8f81bf3558fd9c,0.009264274555309596
ck_0ada6fed1864e7c4,0.017039225555977488
ck_21fe7bc59dcd78fb,0.003257165218685095
ck_e136e20c1c74fe38,0.00939071701156023
ck_e7a530e09d113dd7,0.040795158883871516
ck_7cb0c9ded4d63027,0.03318823906097839
ck_102db9615e722c9e,0.058074136704339085
ck_129e39ddfde92eeb,0.0022228674534055647
ck_d730ff21bfd7769d,0.006670617921359672
ck_54459b45d2be8459,0.003448495478779471
ck_7f1c20319eb60aa6,0.9828935543522702
ck_939fede90473e412,0.007241279333216326
ck_e0f9506a6d5f4a1a,0.004835884053753181
ck_9a4967cdf49265cd,0.20666036434412074
ck_b9eaf03453ac7d5f,0.005223824523497876
ck_522477be6376b450,0.007006495795439392
ck_9b6282e3bad50710,0.020921032154782176
ck_a0e3a2facd508e49,0.05449336363791771
ck_97ffae702f7c3d08,0.007166190409763962
ck_344a95cb7115ec67,0.004116185840865121
ck_1f2760764afa45e8,0.004301391341720994
ck_720cd658d11ea428,0.025413476979259185
ck_04e32ee9834c088d,0.4645173327880631
ck_2bb1389e5e72c8f4,0.03526549417063109
ck_961e7dbc217cfbbc,0.0035540925177491617
ck_f3bce4eccfa6d6bb,0.007045943983445841
ck_e0ccfa0d689339be,0.007453130020063743
ck_98217aeafa0bfefd,0.02797539820749962
ck_a02aeec1914c158a,0.017018199048499657
ck_20a17e8f206a14c8,0.1373255096332612
ck_114c32aad4b6183f,0.03356910792207588
ck_79f5198f0decef20,0.011599097602407554
ck_2209de229b4c71c5,0.03204858176599762
ck_6ee939b7f396975f,0.008715040303719527
ck_202f0c14b07ace01,0.046937284257670346
ck_fa24db9d416ab904,0.007154361383089157
ck_cf6aa24b92c4d33c,0.29774745691768256
ck_45f57fb8194cefc8,0.013009033055730678
ck_d5eb179dc45394c6,0.026166372074042012
ck_efb24be983342f75,0.01411974763751351
ck_245f5d62ead5ef28,0.013353169670556383
ck_15fe2a47fa7e92ea,0.004195477307346331
ck_b6527a85fd682554,0.03564111503214713
ck_11f9390a11ce9ff5,0.01847485904358426
ck_ffb4d892c5158201,0.006518105503130299
ck_d4c1da5a1427fd6a,0.03914691447408106
ck_2c041b1efb1c5063,0.008509274880449573
ck_ecc18f40b33be769,0.0804388910521353
ck_0525349f3945375b,0.05872076989769623
ck_0bfe62e0c7eab9c9,0.02025951859491405
ck_b7c37d410b1646c2,0.026205568856080615
ck_4b15b0746318cf42,0.08206441254022902
ck_e5ee006ecd8ff661,0.02285449232861354
ck_ccc83cf66365357b,0.018338352498959116
ck_34a33ffe8339f66d,0.9298239612786972
ck_4e39e3b165edab58,0.9053112346790975
ck_1a71f8081ae00190,0.9087403046146271
ck_ed8f1200fc049c40,0.9761072048372746
ck_8a5a57858e8c77f3,0.02065018637551274
ck_fff9fdc2adf5100b,0.8481472387667008
ck_c76f1bf40f3b787b,0.0022466181777762878
ck_1a6ddfeef82b1b1a,0.03302350396936792
ck_478d2667aa9896d9,0.019007709556292617
ck_641c8e7694b21f3b,0.018790568748925856
ck_293581d879f6663b,0.8981967814884727
ck_1bfa8abdb22be8f0,0.015575891837011665
ck_05ab5b03d0bf9ce4,0.10385880904022243
ck_35694db37f0cde7a,0.002592765048599766
ck_fe33eb743d714c03,0.02114268450885451
ck_abd10fbcbaf2b038,0.009662099998198696
ck_46d51648c1bf80e5,0.1816715346993428
ck_5c8390017fabfaef,0.02210603878697302
ck_87d55ca333f22072,0.0035409391522464944
ck_c39c6a1453e2b92c,0.002012238790745375
ck_69ff1b0aa143a168,0.003398225267422539
ck_e57c79eaab35ded7,0.007301352545455758
ck_463ae759e2b6ad1d,0.009321205283245043
ck_0dae4a7eb587f3ba,0.015776032529144945
ck_9b12fb56529ebc4e,0.014411246998830961
ck_1af547077ba2dd03,0.16566371013290584
ck_de13de941bebc7cf,0.0039065551785531895
ck_83dde7da2bf647ac,0.002423870428235801
ck_c80a94d4660041fe,0.047713145165969514
ck_f39cfeb277ef6528,0.0029428369397109357
ck_1cec1ed1512a2d3d,0.00320559136601539
ck_7955a359b6448799,0.0029080197656776484
ck_8c0955dad13c3ca1,0.0066261020463948975
ck_6d4cd2de601a2308,0.02124828116798991
ck_f4536ba8dd2d551d,0.008149881237204904
ck_b379c198d6db2d62,0.020843556352780304
ck_76ea90ebc74bcdc7,0.02008694380657928
ck_734f06bd4aa92781,0.022652344479007058
ck_677e1d0c14cbf569,0.0026082942924586247
ck_259271c70f3fbcbe,0.044983645728203514
ck_c0b744eb9e7d4eb7,0.009522946430981663
ck_3d41faeb96802f68,0.004101996888356466
ck_8f604fa70fc3c8e3,0.013141421503718382
ck_0b3c3bea0e0ed339,0.01421714209675279
ck_be5df076b8a86409,0.0034508701545031347
ck_6a475fe324d7d790,0.024398600856843373
ck_3ba3fa5387bacee8,0.0024345539737444873
ck_324b9939d9c1c31e,0.0019859789983467787
ck_a7fcf7b592f68ca1,0.040370411492308744
ck_5b2728f7cca414ae,0.00323722366470461
ck_5f4a25ffd0b85a47,0.009910329877239743
ck_63d4f5076fe4406e,0.00809131958022975
ck_af528d66c86f0cb8,0.003918505602658712
ck_ac7cdb9b8da7b5dd,0.017757447460071442
ck_3bece63711407e25,0.03823124972259622
ck_d4e0b2a12fcfc35e,0.008035016887570107
ck_ee3e7c9d3a9c74b4,0.06859370797519612
ck_50d7c4dab837bf66,0.011192674172582007
ck_ebcb93a2990fc914,0.13552566448317444
ck_2329cc9702cdf7a0,0.022757335198913566
ck_db1fa53d588bf99e,0.013369181074711627
ck_44e57a0bad5a0745,0.025675291871947902
ck_472c81a144f4631b,0.00547552671735783
ck_1658429acd5306ba,0.011405968533830062
ck_466103ec5bd9444b,0.00954593889123304
ck_9757163e25262b74,0.0298674614072228
ck_34ed59bc2c9b0186,0.011391846073394331
ck_b7bd3a7f263f4f29,0.0370785988459712
ck_149662b09d632e41,0.008610017928532238
ck_a9ffd6b3957bd41e,0.004271894183478789
ck_ab80466ef615e85c,0.0033889848452345246
ck_f2c824d3473db24c,0.009695656452391468
ck_a4a01fd45936b078,0.04925947168988646
ck_8f6ce158c2902877,0.0028117863866697177
ck_5189a302cfa7cefd,0.0026857457349184315
ck_430a3d03be588201,0.014448063399169053
ck_b5f9dd00914b4db4,0.009529387841964792
ck_52dec82e9cf6135a,0.005639533358126244
ck_95e444a01e2ab4a5,0.01883104897745154
ck_e37cee7b123692af,0.027886211845245316
ck_d68d42858a55adff,0.02645600576635006
ck_3abfc010091d679d,0.03605978569473269
ck_cee4e4e1b62bf82f,0.041834548591536125
ck_9ccb17c35e636c5e,0.01005676349441258
ck_f72a5a3b0d6c1177,0.0037892866740700205
ck_7508aa554fae6afb,0.13018019215028737
ck_003aa842b7ca1d77,0.44753561049396534
ck_83b2b192f41ee2bc,0.14678647039335518
ck_64796b6b2c3c7f06,0.024899895827511075
ck_6438ae81d43cb196,0.007311524957110948
ck_2bd73d9098504760,0.03594998912006235
ck_aa8b9b36a099e4c8,0.07545917205426411
ck_e5ece47d0dd10526,0.016038587608121966
ck_16077ac345472e6a,0.00958174552492446
ck_a4d6e152b0076964,0.006522718403309078
ck_d90b1d03ae151f62,0.031206931539822815
ck_18b36d342b530af4,0.020806007883970242
ck_2a01e610348b84f8,0.0520229114722439
ck_0a93ed76bf36c8b6,0.014947918582030892
ck_3d56b477fe2370b6,0.024691628886837937
ck_17ab3068fa303682,0.005876721475363663
ck_592a3520d841d11b,0.025244363318478687
ck_84d07028b5fca2f6,0.01495114007098281
ck_f4a2bb10afa85743,0.008196590578860855
ck_4fe4b072f03f2c1e,0.0035769972928662275
ck_9ad08fcc183ea1e7,0.002452883746520238
ck_130d3848b9dcdb05,0.006139429703363956
ck_bb399ed6bf28c230,0.02359566733149572
ck_a31a64a39a2c4941,0.008498610652843444
ck_c49f25dfb39909cf,0.2115207148795606
ck_55f50a9ae2db8ff7,0.0033059175770828813
ck_09faa4e771cf876b,0.012067886508534815
ck_df520a7a6e405889,0.024618753890969573
ck_8c8c98cc694ac900,0.016668420271642538
ck_7f0c4f609673ef62,0.014304361760875212
ck_f51fe59cd445d2cb,0.011319178941164701
ck_b3fb83f0d772a831,0.012237193187618881
ck_d6e7e257751c299b,0.006328278797590711
ck_0d362ddb4a1cb6d4,0.04805420583038676
ck_a574a08edaf81781,0.006229787415241285
ck_a823f5bcb0e4b9df,0.002868921665455587
ck_f792586ad0381eac,0.025671335805485297
ck_54bfd70022c66983,0.008050928231151302
ck_fe0a9372c9372de9,0.007614229926859495
ck_5691cd6fdb6d8147,0.01537756321595205
ck_a95f212a02433d23,0.012170787141001404
ck_f5adad75e1c06731,0.07187728940328279
ck_e09c97520eb0533c,0.009872490728095323
ck_a1e13c0d58560340,0.005213977910578784
ck_cacc2ca410cbe80b,0.02070336469419821
ck_c0dde2a6ef1e08c5,0.003469113967885933
ck_a04403073c90ce38,0.0030007375103199133
ck_03d3026107175dae,0.016976556227459888
ck_50176dae5b1b716d,0.00343438512294846
ck_6c084bfcb38e96c3,0.05214257873001856
ck_36d2be9012f7909e,0.019239142436810047
ck_958acf84c6137a22,0.014797177271043736
ck_114722e12db90a73,0.006739085131881635
ck_203c2a22c0c165ac,0.012828049553527704
ck_2c44ca550e5cfa82,0.018150579458807874
ck_df0a8f20ab8f14f4,0.02532491685881557
ck_826a27ff7555192e,0.015258585891972484
ck_09a988ebcf062297,0.031705359513540844
ck_5c82444b3b9160ae,0.01787688647937475
ck_f6a4a7ed27fe76fc,0.06627115315848364
ck_17de46314b5c6a92,0.010001567756326045
ck_335e63101b1e6c4c,0.11374809029010428
ck_c5eefc0697451de9,0.04762971010665793
ck_49a0efb5d4067b6f,0.26594599887986003
ck_c1f4509c8f5dac5c,0.005072218886065008
ck_57658eda1c59bc52,0.004786424839834479
ck_0d5c0736ec76385a,0.002415056590744398
ck_e0239e6ae30795a7,0.01919777421670881
ck_e4459115cd8e5e4f,0.01956346913402116
ck_bb4aec09d4968dda,0.07264993428137799
ck_a1b4c96faed3e0db,0.024131096395120986
ck_8247b79ac67aae7d,0.027010433807054174
ck_fe2fc7d6e5d83f09,0.011204042629186428
ck_f6aea576cde8d592,0.002854167617580798
ck_b7e7f7d0cd886412,0.05411074918431867
ck_ca7b993e8286af7f,0.004418354171003708
ck_47de038381a9cd65,0.018633935724198178
ck_d38f941d09eec820,0.03411067815853053
ck_d9ba2a6c0d926b4d,0.005834137502749705
ck_cda72f597330d0f3,0.0033433234605144417
ck_16d2d27fadeeacf7,0.005949960495127906
ck_be05447853d423a9,0.002437598126487086
ck_cd92852d7376a4a8,0.002536491920075901
ck_2faf7ecccc9fec58,0.0017890280398418757
ck_db8733fd92f20cd7,0.020787135062866335
ck_a9989a3a94c26634,0.02384422400100254
ck_957fb25437c75e41,0.04155032429036959
ck_e6a6caf6e7de17c2,0.007353889265986129
ck_f7bc569b37e8bdda,0.016825041770363647
ck_703b375dd86a6124,0.014498169774202279
ck_d3cfb3603f2c6ca3,0.07088521582257115
ck_07cb2b6f2a4303e1,0.022424644878618248
ck_31631e2028d4f855,0.015949445937005122
ck_1631bab0ba1256db,0.01020416007296388
ck_5fdafeaec036f016,0.013356208235326059
ck_6eda4c36aecad602,0.004131337919480179
ck_bd1bf9e3e29de281,0.05255803526886918
ck_bf378ea558a4125f,0.5366599281434368
ck_7aa2deeda0e57412,0.9802712493863216
ck_d229cf7f5a3f38ca,0.011124132886215346
ck_9e109edd124492a5,0.005379045162708728
ck_779491819995625d,0.06661618517497263
ck_b89c6fa2ad0a12f5,0.019644934759420942
ck_1d01b4a609918c4e,0.88915488209357
ck_714c5d7cb17bc9f2,0.00710667823910346
ck_269f1746f2609ed4,0.012916756876672507
ck_4be03a2aa62b93c7,0.0024170068903404817
ck_cf920313f6dd28fa,0.013935249428349119
ck_fb00aae4e17740c5,0.015393333335290407
ck_085d8c42739e2b10,0.9824866954234943
ck_c72a7d0d03cf3e17,0.14449069246296017
ck_8f6ca5d3b17eac6e,0.0022427205788834825
ck_d9573100bbff4014,0.45630427693021736
ck_79d6793d1d0cf43c,0.003956703180881161
ck_91fa5032f7aff0f1,0.09589635647698176
ck_87110d84872c0fed,0.012642277565852364
ck_8220da627e9992a5,0.004592740488272235
ck_2ae44938847f3852,0.011332578118040462
ck_b0f191e44f9b6f35,0.01908442922342464
ck_3049d744b527f4d0,0.009883160460385261
ck_47d3e8d1dd3fbcef,0.01091015118572192
ck_ddf787359d2b5deb,0.002867364906295992
ck_b27a9e39726b26d9,0.00560641359960344
ck_80c4e9274cf976b6,0.9792469195149759
ck_c6afa913168ce8fa,0.008677066937980243
ck_52427b3f8478db19,0.027623801770947563
ck_3b810f15ca0eaa55,0.01127976939219965
ck_0c9e420f97baaa06,0.8136097910459923
ck_f8540cf3a8b2f8c9,0.028430944406946122
ck_1402d24dd623df72,0.007358665921209115
ck_eb4f4267e24d042c,0.007359136828586165
ck_6f661b428d6fb8e4,0.033396621755059114
ck_519a26ecf3d29c90,0.008816263406392693
ck_e886ba71d4a6fd73,0.025688207687640224
ck_437f9ecd2016a1a8,0.00421069700437804
ck_f01af1b0c977cc06,0.009429699410539142
ck_614f777c2eb5d537,0.0049754493497637855
ck_b804e784cde9af8b,0.010250901579918415
ck_c2dccbc1b24b137b,0.15242715217786101
ck_1df4a1781a0f6999,0.030940489445864056
ck_bd2cdd53fca26171,0.009546381279844841
ck_424c254249a109f0,0.021825855919017804
ck_cf2ca4f286e289ba,0.041900321525713304
ck_6c33cb15b0d8af54,0.009129129213370122
ck_311d395fa9b8550a,0.07184154083495738
ck_9f792e7e721ff7f1,0.004841946493681548
ck_4c37586080edb7fd,0.0021977215333574157
ck_7c4f42c5397113b0,0.0032688637194222357
ck_fc418f53ce4aa579,0.8885526126953461
ck_1ba28fb7ef726ce2,0.013569373292948645
ck_d932f98bf6b83956,0.04889865162897199
ck_248b3659a9239240,0.029058979259079323
ck_6a92cf5f4cf5de38,0.019791156616032746
ck_65519d0fb137e0c5,0.006195683927038956
ck_ddc3fc99eaba2064,0.06646377356473905
ck_7310cda3bc65a73f,0.0062547518993977
ck_c01c85bd631d4054,0.006845420850049644
ck_b4954d16b9749829,0.02090107860189072
ck_f301f6758e170d66,0.02253714726506152
ck_9bf95f8c47e7c7b4,0.010429240357599862
ck_c91b7fccf6aeb4a5,0.04009413912467474
ck_785fa45e86bc5e95,0.007999344663459092
ck_2a65f1cc23f1180e,0.002463890512084799
ck_a49a2c1f881a3560,0.0055947738096428015
ck_def344d68f06d749,0.013050900151675043
ck_abbd1465fc730d78,0.010062841169030777
ck_07a5610ed28162fb,0.011094528968350387
ck_7ecdee2d7127be8b,0.012185663823685756
ck_67858bc00e81490d,0.002168630834248868
ck_b4ad165ace910222,0.008728249601217253
ck_30753ffe481a1b8c,0.5841446357121514
ck_c401a26725b17177,0.0026709796232025616
ck_819988d8a7f26415,0.005320719588617724
ck_3364a1d9261b3638,0.004833986468523618
ck_c484c5bda389bf20,0.003166756100453177
ck_ae416325fef92c9d,0.9442038977899638
ck_5517b9a865960542,0.003957769119060427
ck_a0e96fed380440b2,0.012118607445893987
ck_e83409471d2b0b44,0.012672209475719802
ck_127273af97d7827d,0.007692527224836285
ck_aaa9861c91bd14dd,0.013050408353618308
ck_a378c58294001a36,0.9004709822523779
ck_abb9d65ff1f95b64,0.10450020891458318
ck_a5ecbefa849ae569,0.012854707786443879
ck_aa9953c0ca2bed7b,0.0027684477388647093
ck_40bc6de252865f32,0.005355162560380115
ck_9fb11688dcfe1513,0.0029013960109404175
ck_ba68841ca2ba073d,0.010376704079647895
ck_1d3e561a7d20be0a,0.9648447416273351
ck_99a92d710a29c1d0,0.03013922969077588
ck_ede2e887697ffac0,0.004620356700585026
ck_e6de67c0d82a7b83,0.018099744724527106
ck_6b38763bf5ddbcef,0.07539314445657347
ck_8dd44eead7d765a5,0.01737841850230987
ck_30bf5b0056eea9e9,0.16769136372406845
ck_2981d16f8a51a8ed,0.02006942843416166
ck_fc60f42c68c7024f,0.03211681181213523
ck_8e2b2251ee224aa4,0.012067381366790073
ck_1906f0dfaf6e9bad,0.5987058402065019
ck_dcbe6814fc4ca0b4,0.0215835868191313
ck_f7e958a286ae3b57,0.005480225749316884
ck_713649668a7ca824,0.05751358045018428
ck_6f73cdbf9305e2ea,0.07719390506416994
ck_dd1c490050cd9051,0.020133106502180927
ck_e30db36e376606f7,0.10741830679121882
ck_740d8fe8028b5a2e,0.005684723435377993
ck_ebbc9418cd41f692,0.0033170369315868925
ck_7b3cc6cc3f250f39,0.02691426304066315
ck_1d30eef7110809e5,0.2895531503662415
ck_77e0589ab339ca66,0.004786058593119665
ck_15ccbf8ff7d14086,0.009425036703561292
ck_246989b0c288664f,0.020643439705484216
ck_fc2a6e27b10b10e9,0.006332823139893343
ck_8afc1112c12f5402,0.01086883846533107
ck_a76e8d83b9141364,0.018530655750401314
ck_51d3e8dd7465c015,0.006470082569936161
ck_e7b4016909405981,0.002893610029006556
ck_e7a3cfb9bf908e80,0.014312548153410131
ck_2bb49dc2388cdc1e,0.010971057967233733
ck_94f4266ee7871345,0.011449077231988557
ck_b2c896beec146477,0.012118099202274957
ck_fcf5d4a4748cdd53,0.005743641954153706
ck_fd0483639811f62e,0.2855754936510344
ck_9a21d183524734aa,0.08088782211320654
ck_1df4b46c0a4c317d,0.029998304365684535
ck_638df9e8a22dfe0b,0.01798371884180485
ck_65acc43a6dc3e65d,0.00811377433645974
ck_7c67b73196e3d0d9,0.010827998125442767
ck_b0ee3a98175b462d,0.002823058305928317
ck_20fad010969f1abf,0.004059370246807661
ck_54b087bd873af8b8,0.012897029999759052
ck_8007824431fa803b,0.004315028545306479
ck_23aab322810b9fec,0.014362944341120303
ck_c8001bdb9aafc8a6,0.011214892009791205
ck_3a34c3ac83cf84b3,0.008276812872246398
ck_60187ac2c473a662,0.9620177033825099
ck_6a0ccd7357979f0f,0.10190215484534608
ck_27f20337bef5ffe0,0.023207229602866215
ck_f9fc468915afe49c,0.03366601583884546
ck_1eabc15a94bd9009,0.01171434133887175
ck_26896c494b2768ef,0.009671157733791305
ck_348c874eaf0354f4,0.018091308280529465
ck_be9c46acd216b45d,0.03719806988645942
ck_a3cce46d15cc20a2,0.09439264685049245
ck_70804f60d9704128,0.1274275776322555
ck_a019151ca8e7527a,0.040554184822760526
ck_571133b2aa8ead51,0.021222450379146884
ck_0afa4449f20d5196,0.007191876562673067
ck_4d503c41cf4e5034,0.01546917209183798
ck_d6fb9cc5171e3e9b,0.6970022531755098
ck_05ed92a7c3e10e5d,0.01626619660643813
ck_bfb067986660afe3,0.057029006516937
ck_c1a31690c8573226,0.007355134475530161
ck_cb88ef3dc1f42225,0.002890219514725835
ck_21e3b3bd998745e5,0.062027233687183214
ck_cf52e46fa54e4540,0.0033717208392531725
ck_b72c7ac4208052ab,0.023194279838548746
ck_e6465c56b337e6c2,0.013209649149489813
ck_5f87eb05d18186c0,0.05255863380878541
ck_263f6c5ff26b5e98,0.005945321081041025
ck_e0b7e2c0bbe228d9,0.007439034739113783
ck_b657ae3c146cb7bd,0.0088864431949353
ck_abac514d8167ea58,0.016444606050610676
ck_024dcab126876002,0.024985215951069242
ck_5d8481e2b38bd99d,0.009166387381654716
ck_edf229c17d25dac1,0.13422421992813519
ck_6cb7c97b72d6b5d3,0.013808385268037527
ck_c96ae2c28086a059,0.02797229682066421
ck_2f241b97c0f8389e,0.01334405949213243
ck_9158bdbb63ee8987,0.00964241699453034
ck_e7b40b60786c1530,0.010908581024665149
ck_66d38518f68e6194,0.0029176627885297308
ck_8c9b57ad2a991416,0.007847897082686817
ck_cc91bd7152d3e9ba,0.012403327085464981
ck_0d846660c7957a88,0.004146457024776632
ck_60896cdac2212bea,0.04263642103156754
ck_dc4db8b932df49de,0.14911092129471126
ck_2dc31db181150e20,0.006457929437132296
ck_2f138fce1171e277,0.013805968270037985
ck_68b8b859a6ef505b,0.021832291396124033
ck_c3fe0c6c5e1f40f6,0.004417299687597397
ck_15886fe84866de92,0.02110910853106781
ck_ea269b35406473e8,0.0049026217683691255
ck_3ce7cad1f69b71d6,0.032010672082152664
ck_054ed4288ee58d6e,0.038144603066670814
ck_3d4913a86f207fee,0.03999513340311162
ck_23ff85f9d2355e8d,0.013225014377600723
ck_d87ab3261322216a,0.00331815198115005
ck_fac046ce336fe39d,0.004848148452064976
ck_beb97e498e6cf8e8,0.04344399098328618
ck_1f517e0ebf397b51,0.00894441153264668
ck_0af57ebaa45877a1,0.010010757035683378
ck_f99bc1732ce5e999,0.014862846625360714
ck_abb056a9deab275a,0.021892085768905754
ck_0bfc394c5faa65cb,0.018922133008757298
ck_ddc865af1dd5670e,0.01634993842652903
ck_68b5542459638b56,0.03287422022765978
ck_0b1d84252c0b46c2,0.011153381981917926
ck_520ec32c4f253604,0.04529036959280927
ck_79ffcfee599d77c7,0.01744357225412807
ck_eb224c0fd146253f,0.02158102119468846
ck_0e477084434da450,0.017879832100046948
ck_07840bba5570785b,0.012268771230396722
ck_6b67fe8e310ab865,0.010351903997699976
ck_e2a1068c2fa22525,0.054283079778781454
ck_b9c6b32f6bd92a3c,0.006580650979883569
ck_c1e7d1021ae58f00,0.004286916020617147
ck_5d7801201749ffde,0.025576550136651506
ck_c8806749e263f70b,0.0018925189497153428
ck_c9eeab826781dc91,0.010906226684876043
ck_309a432c160a17b3,0.009114951836881767
ck_b22e3337b8e3dbb2,0.006379708345238637
ck_79c30169c71b8033,0.7710866428275301
ck_5a6593d954085775,0.004036473124827631
ck_70b9b79ea1aacba8,0.021621590840809293
ck_63743141ffa11f45,0.012463818211370714
ck_dfd3dbd0d97a642b,0.018807754818108483
ck_635646a661f05b4a,0.014519609509558223
ck_4b123d6931b6d0d7,0.49035114829692467
ck_f2b0e7a47f442557,0.7978304698301899
ck_1b1df006b81d38ba,0.011172250937325729
ck_360237c1bd30f4bd,0.006883040283415537
ck_5e84bca0e362da20,0.019183590977692296
ck_142dba210ed2f3b5,0.03136543705235447
ck_a3564236069e3524,0.04801296630790621
ck_cf36d8b070ded782,0.01564528706557012
ck_ddd6625c5eddad70,0.0024504818807674815
ck_ad54292a0b2f44ef,0.054953980322417856
ck_45cd5ef6b359e9b4,0.006209388784874433
ck_982c2392238b7be3,0.5524362289404294
ck_083e4ac78685c3bb,0.021618648752747164
ck_729cc0b46cc2e546,0.2486624044193507
ck_f2b8995fe5402759,0.006200777066249986
ck_73e24f5a8da289b3,0.06044329092965292
ck_bd85f30c36f5998d,0.027387931685777876
ck_ee4ff3aeadf912c1,0.006767042747597412
ck_63d2978706e193d2,0.013102814459159388
ck_6a0684436a1e66c3,0.6488297484795893
ck_182dc4a2f5a366da,0.0027329498909258293
ck_e6fecb82fc2a82de,0.010729436834749098
ck_cfb06f07394dfe64,0.002754255848814596
ck_7bbe1dc8add17ef0,0.01635188837236368
ck_5cacad76e02c8e3d,0.8303678504911307
ck_ca68dec0c7df5a12,0.008072626003887962
ck_e4c0fc52c82065d3,0.009489163009984519
ck_f9197b070416f443,0.012759099220201879
ck_2a07c7021b71cf65,0.029143435981232372
ck_4fa85cebf707de2c,0.003066042108795778
ck_0063d2a9507467e5,0.005424033199786421
ck_ec986285fff05b7d,0.005299810591893505
ck_279d43303708109b,0.013645878532725858
ck_a406bf11e48cf8c5,0.06060617892698773
ck_064b2aa3f0bfdb6e,0.008819313912649826
ck_95790440bc4bd2d0,0.01425036370034471
ck_70066eea13b4c34f,0.007592679865947151
ck_19468fe07e26f992,0.9744832143782937
ck_86bfe328e0a533b9,0.7641556046276922
ck_ace3b96c977a7560,0.08966837088717299
ck_642344e5c652d8df,0.02185883660562436
ck_074be35c951ae10a,0.013343543834349972
ck_f14dce41036486a3,0.988461761374632
ck_5cf67a3a747e684d,0.600688994474079
ck_f7285b92648c1c81,0.003448494151095107
ck_bef3193f124fca5c,0.13620705480171993
ck_05c4dcbb45de1f8d,0.00371683852787128
ck_d7c28eaa05bb7144,0.018505576420794225
ck_320df984791a1b99,0.0023067375552265
ck_f45bad1606fa00a7,0.005264707448385055
ck_6f81c199e986d9fc,0.011259442772253228
ck_d0c9633fed57c344,0.012104246941498914
ck_a3c25d6cc7478068,0.01603465755033301
ck_4185506d12cf9fa0,0.0026617952078985046
ck_7a02ee1bfba7353b,0.015489374172168365
ck_1b52590757c0fbeb,0.013244959761236534
ck_a0e5656e1cf9cbf5,0.004463605339935042
ck_ace21f6daef94f6e,0.006684565091640337
ck_646d8d0834782d6a,0.438102039827702
ck_1f136a4476b5e775,0.01342534985224809
ck_325c7643cce02da3,0.016033456739755748
ck_9b5e7fe28208f5d1,0.010681457368886755
ck_05d81b1a150f31c5,0.0037876695335107573
ck_0e9ec486bff403c5,0.010552308305044925
ck_ee13c091bc379188,0.01761495116572946
ck_f7a7f8f5903617c5,0.010726482368840294
ck_96c3a3517153390e,0.014644644232112671
ck_538dad7f096458ad,0.00450733899336885
ck_8758fc6622bbb7df,0.11521358979951758
ck_f7e53af3c91fec64,0.0186346650566458
ck_80b50fad7f255e1d,0.0068409624576881295
ck_9645e7adc08631b5,0.04992641100749249
ck_e007aedbf37d6ec7,0.007210233073746263
ck_2951d76c41de2569,0.06651468887542418
ck_9439bff87e616d4a,0.007098406061688216
ck_a73045e96af0e4fe,0.016561895951919977
ck_7b382e533e2e925a,0.019075256360195993
ck_730226c2d216cacc,0.007696217424928339
ck_bdf837d761a7cec2,0.3702257102685184
ck_0b34197335ba3341,0.016482685366470382
ck_49170c4b31a20f5c,0.0030161489605333627
ck_cd553ba6589d8bfd,0.022389972603714507
ck_56b992c6f136fa5e,0.04797870415835215
ck_8beae3d7328fa41a,0.014601039025000302
ck_1a065ea906ae3d6a,0.004418739323741562
ck_e9e3381d5e0e5051,0.004370949419551681
ck_a6d4f998dadc90c2,0.8189532932937253
ck_d36733da917115a6,0.04968805925751323
ck_e738e920bbd74a7d,0.011188065786797454
ck_af65eb885a51048d,0.0037947951002226545
ck_73f4eb09af29b1c0,0.024982335821575743
ck_8fc641b1750a2542,0.09493308274095083
ck_41b954c7a948c060,0.004273500387535007
ck_25fc3010e8a0f6d7,0.00815999951097837
ck_a2624e0387974e0e,0.09705190881449928
ck_5cb9d7b2329d5ab6,0.026884445844948715
ck_6c83aa1d100a7cd8,0.06381925081401892
ck_67025c64588abd1e,0.004324566703117819
ck_f5dde68f6f0468e1,0.005252501782432119
ck_46bfb2cfc29a6d2e,0.013888615970423146
ck_49dddb894d33f6db,0.0293747356975049
ck_f738b633b8862d18,0.002101417768359534
ck_3d6c3c00d854f5a4,0.1762637417095268
ck_cdb8061d8d1a6c5f,0.008430020306847768
ck_5e1b81848718bdc3,0.01975621554009833
ck_8def763034187436,0.028415493551528368
ck_8f8e4fb9c6190272,0.0068441760771000065
ck_368b968b5f33431e,0.003638358869048451
ck_ba7e347251ea399b,0.021842466038994812
ck_9075432001a64e75,0.007638865651943496
ck_73c5371635aca173,0.8481199524176387
ck_81793387b38047cc,0.004967765041019422
ck_0cf220816e320ac5,0.005365880656293457
ck_820219bb9c761b52,0.38082535668706036
ck_70a932ab39d86a24,0.003859636113298038
ck_2c4be237a7ed79c7,0.0032143266415187986
ck_acc764b49ef02826,0.09228014909332691
ck_74c3c3452e4e7cce,0.0052851547166251085
ck_34dfb57e5bf31d2f,0.012139695797490399
ck_6ec39903f765956d,0.029280479480259632
ck_5986119e7d81e831,0.01993724795385511
ck_2ddfc948b8eac752,0.08291281597839142
ck_921ff5ceaf40a968,0.03170601131844378
ck_fb3b68b4424b5f92,0.11510639627112355
ck_c3db1b3ad4f16679,0.006141844545141114
ck_124a197be41687f5,0.057025666946715126
ck_c58d9151834f5bad,0.009806833364406813
ck_389607982eb6b701,0.703052793424435
ck_fb0c138c003e933a,0.0036692921873171074
ck_50d0bb7edd8c69c0,0.07945455164922634
ck_c6cb651149dc9a8a,0.004365584975236367
ck_81e21354e477eceb,0.024027964104785395
ck_7696e38b3e4197b0,0.016494966693067194
ck_586001d3ed9e7fbc,0.003993694099522165
ck_bba413492dc46f2a,0.019402717500927914
ck_95b894380ad2702a,0.03665198492309885
ck_277621473369614f,0.9888978472358788
ck_a50621b5eeca84b4,0.001965368080699143
ck_bfa7ba218b988cde,0.043759522407093916
ck_5ea89567dfe78e4b,0.01849124257274972
ck_6c679602a6476ab2,0.010244960906178324
ck_d3885e286b3b11d2,0.02863457360061273
ck_cdcf6671b37c9c92,0.008029590314999765
ck_b5c93e6d34f8d366,0.005011393239538625
ck_c24f61925dc158d5,0.0932858923695377
ck_cd09375e6c81d2c4,0.023929033497131744
ck_a95afc7a00303a26,0.009708714801427588
ck_8e89ca8b39f3f8ad,0.0051521931303284635
ck_9a84b396aada3fa8,0.10687099198060233
ck_5124a2e415384945,0.0215904384333819
ck_d66bb1f063357f99,0.003802196583389515
ck_0fd9312411b0ac55,0.01704368049169021
ck_ad8cbe6e27e47ede,0.024306028340165292
ck_8398adeaf41f9cae,0.014014682756757114
ck_dcf851e7bb5855d0,0.0036969165325082673
ck_9affb0f26776b642,0.003942816762387976
ck_f0424b3b36bdbef0,0.04882811023547986
ck_66746d1090d6d9e9,0.0019035004114127643
ck_e5f8c8a5824db594,0.026602746650447102
ck_3e91dcc209431984,0.09757729455780824
ck_126a82e8d42e5ce6,0.007752531416409363
ck_38e4a74ab256e2eb,0.006552266377088778
ck_1225a97fc413a419,0.07343531022538699
ck_9b5ec0f78e160e65,0.004623732477622338
ck_7c5529bcc079600b,0.02296132545481881
ck_29640fc2fe81c251,0.004642104225707699
ck_160e9ba0a3f7c1fd,0.006620233241595797
ck_bff090cb4ab76b9f,0.008384643297193257
ck_aa06ed358e43db69,0.06816540998451419
ck_7264486eb512d84a,0.006110850736940912
ck_f5a32e6160b28379,0.004660858926806983
ck_4ba8bec14c2217e1,0.01357447941070727
ck_610815786d729d2f,0.005610230946920041
ck_e267999226b6321b,0.0017554466020379784
ck_f3996a3c8eea1ea0,0.020729419724143352
ck_e9b75ed7567a3f23,0.015648833786697437
ck_d21612d48bb4f7b8,0.019145974002608483
ck_1f871df76c6a995b,0.08612779823193539
ck_953bd5de48ccd70f,0.7437285531156516
ck_02a9104419a6dbaf,0.009133145601947541
ck_1eeeee651e05d535,0.0383238933937404
ck_e2ab04136a442a98,0.005694204368522134
ck_f0d806624ef3d359,0.013944447245278527
ck_4b68b38c1b3326a3,0.0021466127964241085
ck_74e60495f8861156,0.01932695840445975
ck_398f3f4cf05c721b,0.004621874690452985
ck_f761b7650a0c1a85,0.017218477511402076
ck_7dadef33f5e2d94f,0.9783621432073026
ck_6ff6883633b8c7ba,0.0029968314718518455
ck_4d2159603045109e,0.010940597977997511
ck_a38bd07a5fac5c9a,0.0049772782094832015
ck_f517f06551e69507,0.005109668919372976
ck_a7ea00a1760ad561,0.9838082698979272
ck_31fc51d5a3dfe16a,0.025626049900887807
ck_bac5233623b25ca4,0.014224430962967672
ck_385188ab27784fe3,0.05844275834232053
ck_9947a323bab5cacd,0.19592529126040983
ck_7973edc9f22ee7b6,0.02071954825606725
ck_f97c477986043755,0.0038484444422553087
ck_1a3fd2cc4b4de196,0.006766578535984367
ck_e18ac29ea62cb435,0.06295924764495203
ck_9720a472a3e0140c,0.004343680219172758
ck_668c7fc7d7e47c0e,0.04166403255376043
ck_214af0806470ef48,0.017148616710933907
ck_a46c1773f01f0be7,0.16383976486025453
ck_f2bdcfb4203ffdee,0.03226241702894708
ck_40e84e6ffe788a4c,0.015854574723302393
ck_dfc6f5712d8d6678,0.15511618658099458
ck_01ef1036b2e66a4b,0.01478595255990684
ck_3acfec10eec32f9c,0.015025441494504459
ck_084a85145c15ed77,0.0044387533906952575
ck_fcdb4fe2f095fba1,0.04312813197585933
ck_023908db0a193076,0.10170181723027956
ck_fec0ff92fd622253,0.00807553470938827
ck_c009c97d5fafbced,0.2515811467737167
ck_eb9f0c06ee017ee5,0.016229833291637557
ck_d7792b429620fc24,0.006030494724867592
ck_5e9e149a3b69c726,0.0268979916674108
ck_ce927322ef8f651c,0.010769496957887916
ck_b8fd61a8e82bce32,0.978709254926629
ck_9aafc33fba1474cb,0.008822673348958645
ck_ce81ff9b8b35562f,0.006380296234787227
ck_25bfca1d8eaa152d,0.014522177859034636
ck_170c65860e2a7e23,0.01368956140839903
ck_952da7ca9f33decb,0.009872624452655868
ck_1ebd574406235957,0.009833544646730454
ck_589109a188adc2c1,0.004549192327111526
ck_f0cbd5383bb07778,0.0412164951227515
ck_242521e261148fba,0.005087307665010516
ck_509cece86a558de4,0.00787254962674786
ck_0dd7c5925d28755c,0.0036740273754412517
ck_a7e669cf1c3985aa,0.01054892548887229
ck_acb84dc2351eeb76,0.004754873118343013
ck_b837c7dac2a9b931,0.01867579134876188
ck_18eb1f9181f95df4,0.006902920875115715
ck_b0b9047dddb1ec84,0.49801338522074057
ck_43aa136bdb0a2832,0.4219412586840235
ck_3e47f8c56c811700,0.004471475422031521
ck_77c587d24695ea15,0.031392336435450946
ck_20578ac693ea4e93,0.017925980844380376
ck_b9f6040eebd1605f,0.049141271712109115
ck_ca9d86f65cfdf018,0.005141444341466751
ck_a4fa8833995c716a,0.006612472853119983
ck_f589f1e29301b5fd,0.008874829837570382
ck_961ddb8ff55d868e,0.002126235649043676
ck_5662492a54e6688b,0.03620980455008617
ck_ad48826c1c26eb78,0.4867528721076569
ck_621c9ddde6bf2eca,0.042730654014517484
ck_417a3500b2c717b3,0.03972430024328571
ck_c7e129058beb3ac1,0.023709370761721645
ck_ec1c902b9b9b9c5f,0.2264007704293117
ck_317360ec0a67d27e,0.031951950583312023
ck_3e3ea5d8c4a229dc,0.05455963215856951
ck_d11d27de7bf0b973,0.5524509611638958
ck_d37d56e931105db0,0.0052081084132575605
ck_4863077723cd6ce1,0.004250820653277322
ck_479a065d5903e9c3,0.005373168916616714
ck_e66ae4fd586fedea,0.006004991913786072
ck_192bbfd0d5720134,0.02326752532019928
ck_3b436cb29af99f3d,0.03402619757388275
ck_7c7ca54969eed187,0.04144831019212687
ck_826ee896c9f1144d,0.15733079117655532
ck_ba1f6dd43fc8a0b1,0.008938622762204355
ck_49685deb63e4e8f8,0.010342478433752713
ck_687ab5d5554bfa79,0.04489771454750303
ck_41346ccd9242cc8f,0.003960287425653307
ck_8f8e5e2b9dfec3d1,0.02319871417757758
ck_94d5ce61a0c50465,0.016104232094855512
ck_6b954c75aad8c012,0.023870990349374243
ck_748af92828c9d288,0.0021718886524283673
ck_dddd14091ce812c2,0.011394536721013687
ck_723323f6870fab59,0.03541391064416293
ck_dbdf8d0708cc6718,0.003839347840674904
ck_f04938570a154de3,0.011351602885321024
ck_58afa1550b3b5294,0.011601758767777226
ck_3b150afde386ecff,0.059453371568706316
ck_666b95e75d99ec4e,0.8279846187474018
ck_e00332597cf1eb24,0.016521523264222262
ck_9a9e3dac79280d7f,0.2483703310630193
ck_e8d37262e859d9a1,0.014456325382555306
ck_895bb39d24bc1c4c,0.0030026808055409727
ck_b367449195e36499,0.023894790226659676
ck_d23f9a50d1135ce1,0.06068084984992248
ck_670dc4910cf476c2,0.0031556676456847886
ck_3ecd8a5ce65e21ca,0.004616110805691963
ck_8584fea2df4c6317,0.02926586192160303
ck_0789ff4562202b20,0.013224407876024812
ck_749e0e50c3907be8,0.006533777471781039
ck_c3ff6790cc6d7e34,0.006594228543616576
ck_75fb7e56432ee4b2,0.010601148379804864
ck_529fc3170fd11abd,0.0381209156719711
ck_34a69b3b4a681796,0.18108121695270515
ck_255f0e5888ae9e23,0.05906768366182825
ck_65be698386474170,0.0024516123500822645
ck_5eec9ed855c26000,0.005553824036089757
ck_5ab39bdc9610f6f3,0.6285027527607331
ck_1b5b75762f033462,0.013491839721778809
ck_d3e208671cf37f91,0.9250239285554318
ck_5068ee554ceff971,0.04250160956784452
ck_d7d50fb57fcb2d0e,0.0024944788040455043
ck_ba6e1115fceaa067,0.013301039760990589
ck_d07bfb16a4a7dac0,0.8889704203736848
ck_ead68310311690c8,0.8705571977114759
ck_ee53ce862bc9c111,0.012458348069394621
ck_97e56e6037024dff,0.004846807072296914
ck_80b04344c98ec072,0.153005837888546
ck_5954f45a2ab45f43,0.08812952607251148
ck_18ddf7e836256e3b,0.01657515968140641
ck_89a1a780144d808b,0.019064482381830256
ck_a7331e8b808c39aa,0.08103528381194308
ck_a1fd0ad03ff9b776,0.02183969199215527
ck_c0cf50eef030b401,0.003353941371591809
ck_074f20921189e7d6,0.005915333894595902
ck_e2aa7be60794593d,0.06502657208227376
ck_72771757dfb7f7a8,0.025137153453775544
ck_a9cd84a6dddfe584,0.017888819520329564
ck_142c00f9f8557504,0.017142844240137924
ck_221b5d40358230f4,0.014658057283416312
ck_a2d7a563f520b7ea,0.012546953703898137
ck_66cd34bc568d95e0,0.026999801510053354
ck_a17128972d3e507d,0.029589655593195433
ck_bda299466bb2136e,0.015461602534852341
ck_2b699066665abe8a,0.02402725652274827
ck_0ac9848bd4ba0c14,0.004212842506981887
ck_98d2f9a6ba3a3077,0.8529325199958968
ck_a872df31b28a5f7f,0.13789237333896112
ck_7e73e1d44ce82ed9,0.007374298240160049
ck_1a415416f620d49d,0.006171591427325694
ck_c95c786d2f8b8edc,0.014031055308082054
ck_e45012f22b7f91d5,0.0029669396916063816
ck_aa0b083e2a6813eb,0.04594326056979215
ck_4666232ddbf77756,0.01705131966503021
ck_e08e9c8ec5f23d8b,0.01565203139768
ck_31d4c0518e5f52c6,0.006641441104559012
ck_c1ab40638f04cb02,0.0067218616399492325
ck_4c1fdd1669c7cf51,0.004258166068140993
ck_11662cc7940ffc82,0.06958295838728666
ck_2e679af24adedac8,0.004056446983485028
ck_454b9e21b7f25a4c,0.0029389245853948544
ck_355c4f29089731e8,0.8149621925305696
ck_507e40760a24d2d5,0.016475646650216003
ck_0943e0f305078e34,0.9718887797288467
ck_abc54ed7111e9ed1,0.002468133392575557
ck_a60fe02fc04407a9,0.04744322478841934
ck_244b897bb4d57c1f,0.0054894596208218205
ck_8c84fcde93a04334,0.1832751764530661
ck_9eea37d2de633b27,0.006513001456373119
ck_b2cb9e6610eca967,0.00711159505651323
ck_09aadb4c41b166f1,0.2007804076809671
ck_8d94fbb4828ef326,0.00621027072278309
ck_089e3a07abbe3b8f,0.006920292777487575
ck_dfee9de05e3971cf,0.007290881863798751
ck_6abf8302ce052451,0.06563136228916057
ck_6ffa90143838a4a2,0.006702573772823916
ck_325caeab5c7a9c3a,0.006794404545758718
ck_1964ee9db929a173,0.8268605015079135
ck_942b95988a6245a6,0.08048444616030054
ck_913ecdeeb8e21a9c,0.006300516119555601
ck_ecf9794349eb4b3b,0.020292468836628136
ck_b6cb8d6ae828eed1,0.039249388971736805
ck_2f82ea66c4f53b33,0.16859861244359306
ck_6e676daa4855b58f,0.04251111810759368
ck_2a37fef48b44e9c8,0.017089737936254592
ck_3bd12d468fdc2450,0.004878669999336322
ck_1a28b6a40a6bd3b4,0.035571348848634936
ck_61b79dec96d15713,0.00237644552944636
ck_31d5e3daced93d3c,0.018165628030549295
ck_e6c8611c0cf233d7,0.007122163560878398
ck_f04761b4a937ac3b,0.01360543621997878
ck_38c1c75cf055031b,0.020327542852155996
ck_59a561f3df01441a,0.013817111938750593
ck_04e40f556a5062ef,0.008437155082611275
ck_8409716d174635b6,0.008165036521460648
ck_3019afee83342701,0.05439781599024887
ck_b51a58e7f032c9a8,0.10415685319168137
ck_5043e474f848346d,0.026711581590379008
ck_4388abce33ecd01b,0.5666025864324981
ck_c93def7392f0aff5,0.026945511593044622
ck_72e7b1acc19df820,0.005160995544009958
ck_f253130dc3ca5b3c,0.011000174257217814
ck_eb264d1b180d4b4c,0.01697865746809157
ck_c2504f5a113433ee,0.003416040999238504
ck_c16ab1e4dafb4910,0.10796416803516247
ck_4bc42878fa180991,0.024989648386212586
ck_1c771a7c78f6622c,0.05563807955493813
ck_d523f0e50a2747ad,0.00530233119332862
ck_9060f4e7ab7a1b0c,0.017293739773715112
ck_6b55ec4e87a5e22c,0.07121655977478569
ck_55fc62a5f89a7251,0.014972477644604468
ck_bd2545c62f258231,0.05386704402812421
ck_1ccdc69d0bb712b4,0.027989413720648913
ck_710f867a3bd5898c,0.005247666413350441
ck_f91d48c40337d375,0.00810732941538234
ck_f76d929541ed41dd,0.038860811388538134
ck_e26a6659c237b650,0.047475133215526565
ck_184983177b73dea5,0.009885546262467152
ck_6d0d081bfa8a0022,0.017243106307057453
ck_2f6e64f638da0f97,0.0046508057306675656
ck_15b93103ccd38609,0.007114009781989047
ck_094d10439b7b4eac,0.005070093526242193
ck_d2ca47180a926ba2,0.027734291419991883
ck_a69ca7b9d70972bb,0.008149852591957845
ck_68914e67343a7d32,0.008131303271479198
ck_8176616132458c0f,0.015233995750429852
ck_eee99af3598311b8,0.08625068963489375
ck_94410eedfca91304,0.04945921994234264
ck_cfb11a0a2325bff5,0.005692057871153095
ck_75217ee144b715f8,0.19264304412236574
ck_d56fc799542299b8,0.0034152631502980613
ck_4c352dd3e7c81269,0.09033732244688725
ck_e23e50e02cb3904d,0.026291896199858247
ck_b921af37d500e139,0.03844550090696382
ck_82181b935360dcbc,0.9911022610003472
ck_22a7cf3b99c5e5fd,0.010958751036009316
ck_f67ee7910d532216,0.01771349749342955
ck_5f48762a14a0326f,0.005128336916650055
ck_1757fcb0e6e3f88e,0.05441859431553922
ck_2c2f080ba185016e,0.022015666101726963
ck_4c25570eb72711b8,0.0060154992646433035
ck_a3be871ca22ac416,0.013903200720982223
ck_ab70961e7c6695b2,0.008285680833163816
ck_a1cdebfc42a52448,0.004757020051226024
ck_f1b80b821a20186d,0.02212096294134714
ck_ae668e4564cd2aa1,0.007016288362467017
ck_0e2bc3a5afa439d8,0.07712244588065496
ck_3dc378f37d0b74b8,0.013291316644165706
ck_9f9555197480d1cd,0.012170015365321179
ck_bf4e7d48770a4a8b,0.07813571343099089
ck_614ef655f0685060,0.004859860456230475
ck_04d2ea38ee27770f,0.0029975035192927237
ck_e03a9d8ac94161d5,0.0053060946333567715
ck_d4007b5b26d9d854,0.003988729603419341
ck_2dd147ce6d61749f,0.013347471546824429
ck_ff45764ea7d6619f,0.02220443652287661
ck_dbc487cb0a6c18da,0.8819212597419926
ck_791d5392bbd80447,0.00667243217351656
ck_b4068439c413b150,0.006337225008504147
ck_85df7b7de9700aba,0.0031044789498028583
ck_001e42551cd06e40,0.009078531911377386
ck_a6c02ae50932cd9d,0.004763181914295172
ck_9fd0be2c018ff5e4,0.008523085497660362
ck_32a495128395fde5,0.00517578278186811
ck_b6f2a2fd232c141b,0.009355379740182756
ck_28dde633692904b0,0.08291163545276464
ck_a1a93c5f375f6021,0.0031576572083416034
ck_e3982142336782df,0.01602653938453527
ck_a9812ff3c111ea94,0.030287051923958277
ck_f04062216f95fa00,0.022963129691155482
ck_7c560467daca735f,0.0018896747066285181
ck_76ee10d6e2dba70f,0.05319530766570869
ck_3521243bdac61178,0.008466234003850286
ck_28588fb03b320520,0.03412679786306153
ck_580dcec33ec232b8,0.011461068377264263
ck_7109923fd7dab20a,0.035789214094724395
ck_7c872c99481c1e9e,0.01468821065849456
ck_46f4e1f5026f4d1b,0.00242033975823333
ck_00d1ebc31ec4653c,0.004428765570164238
ck_aac70764dde15168,0.042351216410921724
ck_648c03f9aa4e45f1,0.016601940186444446
ck_5478eb69ef912785,0.30765067875338714
ck_79b8523137bb2603,0.0854124874841043
ck_795c49f312640019,0.0017771216608214666
ck_89184bf7b7fe41cd,0.23161532065896287
ck_97d4bd922996fa10,0.009602264672007367
ck_1cef30d08f3a598d,0.004576891658720784
ck_2f9fd36a4a40a6a8,0.0016913037283766968
ck_40780fc0f8d6f309,0.017800962393057295
ck_9083ca9fec2a7f4c,0.023860250924879447
ck_62081bc35aa59931,0.006863105614541608
ck_2e1b46c5fc56b863,0.08566861473333186
ck_3d139692c51b604a,0.04642248640602796
ck_b5e54e22e3d6960a,0.009492297125786663
ck_c0c4be3f44311b04,0.005753974493968676
ck_82a8bdd2692c2a5e,0.0025419015334770994
ck_bdd2da300b530c5a,0.012449517897497195
ck_ee40498cd97183d3,0.011290690194232043
ck_70b9274473bd6dfe,0.004539959129987724
ck_473d6314ea614b29,0.01286340183810774
ck_7443d6dca8cd1352,0.005574494462724484
ck_3b49768b448b071e,0.01327000850598227
ck_b43f04431c267dea,0.0029697904984791763
ck_4424a5223ba2fe00,0.019307970991656865
ck_819bf3e8231f4081,0.03485864341219493
ck_91d417507a8c58cb,0.18256904302725066
ck_e88e86b19cada4aa,0.02209161423345401
ck_59684167f9c6bf4c,0.035943571473907414
ck_d5f5b0dc97b9dc27,0.014175019217794012
ck_13d1b192bbff8f32,0.009423245841254476
ck_b21d8630387cabce,0.008222052487489622
ck_e4ac22046699b99f,0.00843345950066491
ck_74b848064f2ff45d,0.0073757039947404965
ck_166aa980cc87fa77,0.056636867015435445
ck_98e337806104dd88,0.0026678459282903763
ck_66eb09be007f0755,0.01809861293678667
ck_3ec9b9d8dd7be11c,0.018733599583133958
ck_8b8b9de339d75d0b,0.01761806204105519
ck_6715139e240007d9,0.006150036615775301
ck_a0255ab46e122d2f,0.0028619073789829647
ck_66e81a4190c33510,0.014280441349942361
ck_5d75ea4f5c9080bc,0.8390381134500849
ck_df69858b8a8b3165,0.01580551331521923
ck_e15252ebd7553422,0.007124209598555519
ck_34d6d74bb3ed11e5,0.003349386781537477
ck_c2608f78f6851d10,0.14232668204853288
ck_bb99071e8f58c8a4,0.41619937272612273
ck_06010f0df5b7cef8,0.09404858714058406
ck_8c582eb0f6c0148c,0.01329470441298742
ck_0034d010d28aea78,0.018165609134244334
ck_01c1f06692566ca1,0.00872193705274909
ck_4807726e797fb893,0.018289803116747088
ck_edc9668282e3c8cb,0.01757420693092182
ck_5486768475af7bb5,0.8656940638714872
ck_3fb9813849e51837,0.027003620748241666
ck_861af5a9a9a6d619,0.006918248395303302
ck_da39653add0f1109,0.0029565821901351274
ck_74a4244eb1f162e4,0.0030249938461140964
ck_9a930faade55b8ea,0.0037336163118131074
ck_fb6e06ca88519dcd,0.007355680689694366
ck_9776cd8263a9f415,0.004975216973348953
ck_b3dd1198ac5aea73,0.02083437822142038
ck_b6675a04df1a4276,0.005934600150651859
ck_5c7ad6e731b69333,0.603515525932485
ck_28dc0fdbaec00580,0.10826073296707156
ck_8e7a32f7e3905f4e,0.026368909058994666
ck_8563fed6674afc77,0.017055742753202457
ck_9a2fcccb82da663e,0.011519792880646192
ck_6a519bdac0d94527,0.002670249507916373
ck_a0dab7aa9c4a39a9,0.006977887939516374
ck_a3ce05e9e5e32142,0.01589900004841475
ck_7a7e40ee3f97c035,0.04716139855892738
ck_9e9a830785112a73,0.0223857027162896
ck_ab1bb02f6b189304,0.32076131076073816
ck_7b8cb0f90fbdc8c6,0.006947996399283132
ck_b138fc249e659e60,0.010948465699605751
ck_e73caa3771ec5e0f,0.006409618282689982
ck_18a55b06ccccd88b,0.034176695976291686
ck_fdcb1d9265d8fec1,0.05498506309970118
ck_e21a900556b382ad,0.02353094059764362
ck_c6bf67470f526771,0.0278327806711311
ck_b568ba3837afb39a,0.0024883995819359257
ck_a2858979dd5645ef,0.0042482007385672375
ck_1da9d40837ebaa57,0.01911789334152219
ck_9341c7959543c542,0.0027414725872077464
ck_c8ad86806b9a2369,0.02794718366236266
ck_5c85d93ecfed4b0e,0.004274920646087159
ck_f07b09879d697b82,0.003042874364700408
ck_fe43da07608b1749,0.009797327736369817
ck_4bca22b5926b9c28,0.0032487392297381136
ck_aba573aa942b1d41,0.0073911294254609666
ck_57c14e32fa4683bf,0.002693902091651843
ck_891530b489ce402b,0.003996662005939309
ck_5e74fdadb93ff293,0.039967410095977034
ck_14436a409ebcc90f,0.00915112004474921
ck_00013fdfa0bd37dd,0.005544050667606392
ck_7dbe24ba01316775,0.03513770245863286
ck_0e3f80c1553c591b,0.012926441990927944
ck_3edc45db58760d76,0.011085542279280476
ck_29076a13f539187a,0.15405369479574169
ck_b1e81b58b9a545ce,0.05813922271073519
ck_3f8571d4f7420b2a,0.1323608998431153
ck_7dff6abe4bd644dd,0.6893061887302907
ck_2884bab237af16b7,0.01420265665157388
ck_231e6dd1fe708000,0.008337821532486583
ck_33ecaa7b892e73df,0.009113514108616423
ck_b109ec4c63503030,0.005748722624764951
ck_a7f522382509cef1,0.004321127075261608
ck_748b3ea941d8b3b9,0.006557918616874065
ck_29f3a1737a2d9634,0.019948243519325767
ck_cee8d42475a0f020,0.0045148589304106574
ck_c6b6ebe145a8ffab,0.004846051014595475
ck_21c99e1d6b881894,0.003217510907634044
ck_5ad798286384484e,0.01978635832397313
ck_b621b6ffcc7f4848,0.003076561113874429
ck_ea819e337233475c,0.538738684459281
ck_9e3896c2668ce06b,0.03612912293690715
ck_501dcf1ead036d2b,0.005157193435943946
ck_8d5eda29a2cffa3c,0.012808243310762758
ck_4d3aa36ff83f1132,0.7010207082979412
ck_8e9faf94e3e6c757,0.00323129089917134
ck_ce0ec41f96951048,0.017746584741180703
ck_f09165d73ee903b1,0.014975297872533716
ck_a432b1bf1d3b3d5e,0.3405950686852507
ck_ea618f720ff0b4b0,0.003997335390794322
ck_7584e7bd755cb28a,0.011157215993957654
ck_e14681aad43e1a72,0.03623964293310262
ck_5e18870d8e30e379,0.015795347880651605
ck_ff7c26a62bda8089,0.004717128841570606
ck_cc5a35175d381d5a,0.007961227157343237
ck_3c25029e40aa8a84,0.008857394883688
ck_771247b5bc16c12a,0.004144474829857398
ck_664b5e02759f985a,0.007462893110554055
ck_692a9e8f504b9762,0.0016153223316452395
ck_df8ad2deb0a4ffed,0.018884637775040947
ck_eb48c0bcd12ea654,0.011445897635956107
ck_7c77e597c951cdad,0.02311848997767464
ck_4f75144c6f3b13ad,0.014059042630345875
ck_1bcff399166d7c43,0.011005846467011941
ck_975c2aa3d4a8c51a,0.008521293874292181
ck_bc6f07b06aaa4ce3,0.5743407115078526
ck_80b072b7f3c7e8e5,0.009575205568755598
ck_471e4018a23b4e56,0.008498296418983238
ck_53cddfba570b4a3b,0.01065189721762482
ck_630530e50764f229,0.009843697061801068
ck_dcef7887a4f1e435,0.016320084469033994
ck_2795921a055643f6,0.0061548909314094935
ck_7456df89f3792235,0.0068642767097102445
ck_5014a3b07e1f049f,0.15958825754444902
ck_d4ec44760cbe03f4,0.012527688687534384
ck_96810ad39d4cb7b0,0.05120013562040186
ck_3222ea25aa29bfa6,0.002449271683534867
ck_f6c42001b84a10cb,0.15342982084288037
ck_5ac86682385c86b8,0.014788862854136898
ck_4280c33af57eb4f4,0.004494138009090662
ck_05f79ddd8eefaa56,0.01665277595351837
ck_3a57a13ce032a6fe,0.005854595250917146
ck_a721f0d635fad68a,0.006562535760798876
ck_a3f821bdf408c326,0.006132246989577825
ck_0ada63008be5685a,0.035148480400503654
ck_8c949bdc6e8720fa,0.08844975119525543
ck_c0d2c56f9c722e99,0.9726292419824518
ck_5d2b9e6e087b8dfc,0.9877266254229726
ck_5217b55593a332ca,0.09258584715467523
ck_7a7bb9be5a7e48ad,0.007102037146924599
ck_24cd0d779e866287,0.002436370847155362
ck_7367917891a63771,0.025774731558528302
ck_4b31a8862a857e6e,0.8278696950678767
ck_81429c4910ca46cd,0.007241279333216326
ck_b35d803568f82d9a,0.012330503899466144
ck_4b00e75c2d2d0522,0.006056641064543121
ck_77fced07f6dff42b,0.013844736489156143
ck_3c9a06eb07c300e4,0.003511199738899192
ck_b3867f7f494db64c,0.0027926813292710644
ck_0c45e54897ab34e2,0.04992809729547478
ck_507a6a580ab55c76,0.010419994537887736
ck_291bffc7809f896a,0.0046629820655757406
ck_3753cc5b9d02e2fd,0.004224053925611926
ck_4f63d5245b3ac1dd,0.015126209804472966
ck_9dfb2ae78659240a,0.009191581174368161
ck_90f6f5ced708aa75,0.0017788025674953202
ck_8b5b5a6b5539e39b,0.7666017193898281
ck_4719112b55d20161,0.013910971722536733
ck_fec888a7108ca52d,0.9793135346694574
ck_4f5d022c99f118b7,0.081719551359705
ck_e967ff05514b697b,0.060246733365642444
ck_839ce35819bfa4fc,0.0029594712757875768
ck_bdee1221b9addff8,0.005471686248576165
ck_9cde4036d0914427,0.012335607196365754
ck_5ac959cbcc5e98f3,0.003545358550742593
ck_619842688294dabc,0.004778671825869492
ck_7373d7b04c7799bd,0.020564664255626846
ck_c1dd3feb9a0b6471,0.015201341476747541
ck_0324a4812ec319c6,0.008216099619101204
ck_7f3685aa2933b251,0.10860286667010084
ck_06aee5a62a67a84c,0.05285361929010725
ck_3428910b44b9d08f,0.024319134282961372
ck_c3ba7534cefc1de8,0.03224535819944913
ck_1f1273a67cbad5e5,0.8181224909724168
ck_124565a11b2f8bb8,0.006044003723426173
ck_38e46bc861e0165b,0.056026177289546966
ck_c8ad3f01319c065e,0.051666972528953
ck_3f94a34f5038f7c1,0.7025144562835662
ck_cee56be5a502fbd1,0.26331232126536686
ck_2b90b76cf4d162f9,0.012713415031657313
ck_884b2e463ff1d54f,0.004711268767719588
ck_fab4f2f8531b4827,0.013352831970585904
ck_4fc6256e0e60a926,0.006026895247268822
ck_0a2f8b2f8a5b6f02,0.05382520146580253
ck_9c0deab8a8367c5e,0.002349857956406609
ck_d3a2a4c011fa2554,0.004268064554776902
ck_4108b4038f762817,0.01958218395339581
ck_4df036e2aa7e1056,0.01002388529789853
ck_ec094eb1cbb3efc5,0.00365633538986141
ck_09f8f51bfd2492c6,0.016265151550901066
ck_b60fb9a10d6f4489,0.035932039353025386
ck_3638bc3388dbc1bc,0.2757852788984352
ck_7a58e0cc9943c39a,0.00393485799512119
ck_37dab6a0a536ed49,0.0736339441543578
ck_adc576690df5b33b,0.017385972098249897
ck_1383b2b1875000f2,0.015064824103377797
ck_43c1248db37a2eb0,0.007039497572759846
ck_29c11bd68858e923,0.0035144775428198397
ck_9401f9e11f65337d,0.01965103598602164
ck_ce5ed372b1a2ed6b,0.08447936169593419
ck_08b4619490e751a8,0.7470361119812824
ck_44b9125526acb05d,0.017016186664303913
ck_ef1a1de20d2124cb,0.02685795565133349
ck_e5e2624b7fc89774,0.059555746701960996
ck_f5100511609b92c0,0.004422465720290434
ck_64f3bb17101b7c42,0.0091633033441676
ck_ea1e5b5128ecba2c,0.0038734002834503877
ck_516163fcf04d5e77,0.02191806211482959
ck_7f9a748110d70005,0.004508214118916872
ck_d263b55f0a681cce,0.02772909144855612
ck_0e962eacf98a813e,0.00546128466205695
ck_0406931800e0e2e6,0.005971052487114331
ck_0e9b982afc88a3a9,0.9858910659951239
ck_8bbb625384edebd7,0.0032962218437753827
ck_5eaeb87bf6207406,0.8753429041818521
ck_cc3318839c4b0745,0.0073428667949285665
ck_08a0355d1f1890ef,0.010919481365640565
ck_af7ffd1a822460d3,0.1953450195007029
ck_2a09c7aa870edb6b,0.003070308379545387
ck_bc04f51c23290bcc,0.01506071457808055
ck_d3a8333cb389f4c6,0.017595645939326134
ck_88e3dd3039508332,0.014988257239425805
ck_b8c7771de9b57705,0.005234967226467742
ck_585ababa02383b50,0.007370735549383551
ck_e988c108754cee9c,0.004732657848491542
ck_4a691892d9d6cf89,0.008790806311000402
ck_7cdce37d895eefb8,0.009015985464922188
ck_483fb981a1fb4317,0.0059589081264350766
ck_c1e5182bd99e0e35,0.14849615507214112
ck_9a1e3ec9a1839939,0.011106682046856282
ck_5c3f13de0dbd5086,0.01120707253824617
ck_f4f6f0caaab70040,0.00555445186041586
ck_791be3378dd7d64c,0.01185709317764427
ck_956dd784525f5886,0.01902736813847458
ck_098167eaf124c279,0.03561635013255804
ck_33ecff7914349ebc,0.006382151989669563
ck_e05d44e46c7174e6,0.013767530560311695
ck_1b2ce474fa6582b4,0.029072891039254686
ck_ab581082e8f72e3d,0.004876726631209566
ck_e63256667aa19070,0.024376930763095862
ck_f568772b6cb3febe,0.03376625637525424
ck_dd89a282375bbab6,0.13520855662634668
ck_a39d0bca345b492d,0.008730336243279452
ck_d12d2924d0f7a64a,0.0061000873681863665
ck_6a548da1728b5823,0.9633328221715409
ck_6d64193681d2a94f,0.03199180594374851
ck_ced6b6dcdc7c201a,0.009976076832544064
ck_d1b0699d26282871,0.045838209193203104
ck_58f757e40a9b8877,0.03273522633074786
ck_3272c2c4a37d5220,0.17771462408977856
ck_d94dfde9e03c9d1a,0.025304218414944214
ck_08a6d4903a7fbaca,0.02466758082054493
ck_6c72a36b05fa0f4c,0.027400301373791482
ck_dbb4bd4eda97255d,0.016827216513687744
ck_94b59bbc824b307a,0.00389258492817513
ck_0229a07185f15469,0.009496477974624072
ck_11bf1039f8b3025b,0.007625629616692109
ck_36789ca11459131e,0.11924110601471688
ck_8572c5f5c1447c62,0.029805889296064855
ck_9e75c6641939f4fc,0.03683950762692952
ck_b45e47c39d4dc7bf,0.010729085572645338
ck_02903c48b6cfd65d,0.006603741198924935
ck_b153386f1729de81,0.0061089713204906665
ck_36979996f33498f7,0.5096904015492392
ck_3c02d4dbbf6716b6,0.009558114089954082
ck_66c9a19963957531,0.048978707029768524
ck_bae8dae7cfd8baba,0.0025840540343053664
ck_bba0ccc6cd968680,0.028731815802893603
ck_3267fe3aac05c71e,0.010861087386116837
ck_40052cac10562cde,0.017736059064334057
ck_d973444855403e2a,0.011123748554404483
ck_012519bb095ad36b,0.9807106171801534
ck_ad7c256ea10c4a00,0.08175256293221102
ck_70a60e095e9b706f,0.002830627079827341
ck_f2734417c0db4ee3,0.004151972660231419
ck_9cb89cc3178e0172,0.03159775137227237
ck_779cc0f2de4d5488,0.049022744476262155
ck_35f8656bf93e3b3d,0.015019072040012963
ck_bdd8eba728800e29,0.03291141681348386
ck_002cf760d173f0f8,0.015615248206751697
ck_b046067c6ca3831e,0.0048739487674328424
ck_a4a42d4bff8af645,0.003713378738184807
ck_bce253d2396681a1,0.010968168951016672
ck_00dafc060c8de32a,0.015479518681027562
ck_968a99e097ee78c9,0.13813961127780722
ck_66949171b387bb93,0.032988002142081085
ck_ad305286702b1958,0.0037893871898932825
ck_4732da7e0d2dfc7c,0.0058236325910637765
ck_17a95bba77217d85,0.02069665798671434
ck_3e2516a3e35067e0,0.0049329845762357905
ck_0b615ed566da1f58,0.01915886192161881
ck_d2b3ce1ebabe9f93,0.017088095353978584
ck_a892252e4e0c2828,0.008055254687162
ck_cf606fd6ebfdf9bc,0.0038270698582920305
ck_718865237134ebe8,0.008871078839641625
ck_878522cb775b904c,0.13227174083813995
ck_9ed53de6ef779ae0,0.002666967744191688
ck_3f16e2cd7e6874cc,0.01652330615848637
ck_3c59df37895ead2d,0.012227999541469223
ck_6821459b626d492c,0.00503636989423267
ck_11c7667920541587,0.009442757905060942
ck_23a016cf6b98d89c,0.031246946196113384
ck_7137eeb394d200f1,0.033099482989547555
ck_9c4886c5c90ddbdc,0.0075624743215533695
ck_1422a7bf7756294d,0.9104032978186941
ck_7ebc5fa7f0d3b8f2,0.024939757630671893
ck_fcc2059a8d5c41fa,0.30167003630558964
ck_00ff7389d6a83e29,0.10982083575836456
ck_03129b41457795d2,0.009219558550316427
ck_38ba64efa7c38250,0.028633468575752188
ck_57a6b56b09bff24e,0.008916563470903622
ck_e3b3c5a80a567418,0.008709198138239383
ck_fc40a16adfced018,0.009745871999072068
ck_9d4b5e6b43bad4d8,0.004477372379367518
ck_61129937ee466b49,0.043932807476322916
ck_74112e47b8629c2a,0.08622857253807906
ck_b4703ee97f94d7fb,0.0023141261877882907
ck_e560f720a988d8a2,0.6610488930820284
ck_708fea345f68037e,0.0041498656661932065
ck_25394c1b83e0b803,0.017771825630309098
ck_17ab24fe914ae44b,0.0029274902083673065
ck_16c501470d9bb006,0.003396499355332417
ck_628f449e248c19b7,0.035644668166738676
ck_6d64190623dea714,0.0052895301995998225
ck_504a45ee08db72b6,0.0065827887199180115
ck_6cbb011e0c70bc7c,0.00713449558947332
ck_b3225a98acd04f83,0.011177780384494691
ck_aa37993f1c17cd1e,0.032357086527160475
ck_558cfe5f77a55a9d,0.00765905976800464
ck_0d0a1a021efea5b6,0.026668177048129082
ck_daf7aea023b7a8f6,0.042190361217029605
ck_d75f25184ece2b51,0.008978027819356376
ck_466d4b5366c50b98,0.006868194317652439
ck_88f27ab479063852,0.0581202479310181
ck_66779098e78c1760,0.00496306221741046
ck_b150fe4efb449b05,0.0046527595519714115
ck_9c3aa9f23d01fa1c,0.004545407584983556
ck_6a01c375fc26705a,0.0033153713325075836
ck_002eb6552b504ea1,0.009154325730900227
ck_affa5aa0bff9bb0c,0.018630174403677348
ck_027614eeba8b1a4b,0.013827233144273771
ck_67e075c982add719,0.018281156574452274
ck_399b0d510be98bd2,0.009792053521701734
ck_e9b0bca7368555ef,0.004659019147881554
ck_59c29d9c57b4f994,0.02961646215763052
ck_37176850ed68831e,0.0077707307970317835
ck_a0db4ccca08030c3,0.5744879691599286
ck_aa188e5c25f7f42a,0.024693447695473426
ck_7de6997178207800,0.004231950364516779
ck_c729d19053387be9,0.07627571027597745
ck_f2d3e3d90608596d,0.08924960186006141
ck_2db3fb565e0211ee,0.003763901664417148
ck_bed8a480e27e911e,0.017717516581902456
ck_d7ad9921a4d25926,0.016604532386791652
ck_2a59f23fc5194699,0.08475855926966391
ck_63601a58a6120d8a,0.03660275322230176
ck_efd7b9e22c6317d6,0.019951975398521633
ck_9ab42875a0f95b43,0.028570545464183368
ck_85cb5033fca7c846,0.06754242967923885
ck_5249b223000915ec,0.0262568186617257
ck_3efb0e9bf25612c7,0.007712537756040597
ck_678e74532ac19700,0.02514059627453649
ck_a980b296c95153f9,0.013781282469588802
ck_01ac687ce0d696a7,0.012873297152308212
ck_52e1418cf1aa9871,0.010949012103183654
ck_7d28da4f1dab09ee,0.0283820043842074
ck_010d0c2e6c1657fd,0.08386293934744185
ck_b524f7a2e752b9d0,0.012423682487903391
ck_cc447fcc24a0772b,0.6146078835163908
ck_2cb3c99845e572da,0.00494538598464316
ck_604c710141327a81,0.005216729106651864
ck_8d5fa65717d2e0c6,0.03132255588966764
ck_31199510b40602a1,0.004239798784131036
ck_49e253ea12f4e922,0.042280342906534915
ck_780738e0d71e7e43,0.00748772660678408
ck_2cd21137a07fdd7d,0.006409207685164915
ck_5e021f2a3b66e256,0.027841036296699335
ck_efbc79246e32c66a,0.04439669156456129
ck_9951bd806c13c7fd,0.09297096533733248
ck_7a52674e2806d8f5,0.02504130200914389
ck_1a319e509f1efa1a,0.004862092636779211
ck_c920901b9a4ba993,0.8325337663298998
ck_b71279e807d0b3a7,0.01087058633219923
ck_47e1032f490bb018,0.009046229087799468
ck_192579ecdca7ff83,0.013346485466291658
ck_b1496c474c4a3239,0.0043289469140981
ck_5e68ea2c5e893cf0,0.04690635901699185
ck_f2ecab85d4693b4e,0.028809011925028712
ck_89d7bfc81c3df597,0.01290681907594698
ck_7929284327667791,0.0902660253922874
ck_494ec63c5ce8e150,0.010467769776589465
ck_319b059bb2145586,0.025076291929070654
ck_ccb3767c239018c1,0.00460040907657573
ck_a1c7adfe26e09a8c,0.027900485183611934
ck_0e13c4f73818149b,0.012118918592220041
ck_c285a51ed6214f52,0.06559516398277483
ck_916784595f028226,0.06557344867200283
ck_6cd8e0196365c474,0.006414435167486642
ck_57b657aba4daffde,0.05683522567167672
ck_562c76a3753fc7da,0.17800842904493266
ck_66cfc1ebc9a513c8,0.004762784875911975
ck_0f38d4aed68d7d24,0.016843938277315056
ck_d8ddf5e99f7859e4,0.011221603976978346
ck_41bc3efa0fca700e,0.020632497487406087
ck_40799e129fcf42c5,0.092506657515407
ck_786f079389126e44,0.03602148849263462
ck_bb4c6b713eb0b978,0.050355549996380394
ck_4f01f7eac0efaba5,0.01236707356986223
ck_47d29c01b20cf69f,0.009766533187750151
ck_bf15a1f8d67a30d3,0.020137514241351753
ck_bfecad7586f65e4d,0.026088669472920406
ck_fc9f16df35190eb4,0.1744903388468743
ck_c09c914e416edd08,0.019396276818286925
ck_c54c5d8e4433b0f2,0.00686593058484889
ck_1694c28f44480e98,0.01021681530703411
ck_1dcaa3078dbb7571,0.0036113710889396173
ck_af559f990c640e41,0.006922747862600077
ck_9b436162039a77d0,0.03243301091717064
ck_79d62ef181bd0cd8,0.026241286098703787
ck_23caafc2cd34242c,0.008334403047951612
ck_ffe2aa26f597e552,0.009043559553597227
ck_e6ffd0754ac08661,0.004311396742097194
ck_beaacb4a783db21f,0.004934943357539607
ck_9863bff41d24ce9b,0.005777421555052242
ck_323b9cc5c49f8ea0,0.1043802477834572
ck_ab3de3d3e41c2082,0.0070083424917700265
ck_35c93b2924900376,0.010898483294849614
ck_5a9d5f9901e37e31,0.02837286541727444
ck_782b0be796164335,0.010434138581187323
ck_11960b5f1c7a5e2c,0.006004409018111744
ck_9a66cb13a9884cc2,0.011464812204153284
ck_ba666a425930615a,0.0027398124538606703
ck_40140bef4db73741,0.010323310182202684
ck_e05e91cc180063d4,0.09882642876896676
ck_c7f6f45710bc050f,0.004340517946566461
ck_055fb9f2e1c8c934,0.06419870749218205
ck_58bb02d98e2b9cd5,0.03251974918512887
ck_d9f8efa6a7800f76,0.007932636459642381
ck_69691226c68fd50b,0.4966791784050736
ck_6f2f0396e5b1c538,0.9396261467415647
ck_78bc3f1d0f35ea6c,0.011417014412851109
ck_2d5a6b6636a2596b,0.007628064083508966
ck_7878545739af0a73,0.0032140502408260965
ck_03c4fa4f3ed3512e,0.004007860104500296
ck_1a9e51d092d62c84,0.3520014231668155
ck_9f3861940d8d873c,0.21963329562434203
ck_4684fdd61c6a0fac,0.029515121172428053
ck_715966f86d5c913d,0.005495618027283815
ck_77f293d44b4a3d2e,0.02908600948022392
ck_24dae044dc05f849,0.030076214452410273
ck_00b9818e2064405e,0.10185733776631775
ck_c1c2cb49c3c1b0f5,0.44338083772341996
ck_bed50fc64fbbf8ec,0.009714491445289871
ck_4f6ed5ea5ab7c429,0.00796688165267736
ck_458531c22ec2f9b3,0.012414008279656451
ck_51c50c4c443df31a,0.6075571316859618
ck_732d45bd578dc39d,0.008657923616188576
ck_783fe5bc20cd02db,0.043203613565970994
ck_7f188aaa63d1d442,0.013606775674868716
ck_ef307a6aee38d1fe,0.7641052455372
ck_e37196b20968b73c,0.024147992209940437
ck_4ef9de711c3d93b1,0.045400164510351226
ck_17946516d5df71d7,0.004888651743311022
ck_3534be0f4efd313c,0.03204296536401136
ck_29fbabf855cabdff,0.00377610034417804
ck_191673540d8486af,0.019319696815955092
ck_5f52728d777ff2c5,0.01313344470341228
ck_a045a19369016818,0.9777731313334324
ck_4eadbe7298b15e96,0.01188600315502323
ck_a3a0bd59729fe619,0.0094454016042674
ck_a1e77090b1c6ccf4,0.011058106497964917
ck_69ab9d4784eb77bd,0.014742635062171322
ck_baa47383ffd50f04,0.008975799525167014
ck_e35b2ed08b9e55a7,0.005167828918030997
ck_b6e3af0a5119d9a0,0.06953781276467522
ck_a7c1dabf3869772f,0.07057251573433193
ck_80b8fca67a14e0be,0.6128468848885205
ck_dd9c5f0c42878e67,0.004614156832040044
ck_41ef7967faf5ce82,0.003047731254869761
ck_a93560aa348d6225,0.08928871722438665
ck_ffe91d6f0bd93fc6,0.022447135492880833
ck_fbf630c960194033,0.016937068881609268
ck_497ed60723283c0b,0.020306082332453155
ck_2a46b7ca55239413,0.008957050098309957
ck_1a4e5ace078dd782,0.01535202035182344
ck_616cc31910f5de50,0.00462076133873401
ck_0d65bc749eb42710,0.030847576362865285
ck_2408db62e4395ccd,0.010374899521418407
ck_5d7721930106dce8,0.010478956827352953
ck_e8a6acea22b20312,0.1262271990615358
ck_e2f792fae128b18e,0.14639876536406396
ck_e6d3ce445b86003f,0.005892903293405827
ck_263334d722ecbc97,0.22296715298513634
ck_8c5b29f6666d4874,0.02335338429208197
ck_7ea0bf310fc20c7b,0.8903976978721795
ck_54d463f7fd89ec3d,0.05032310299205511
ck_79e45040dbdd6447,0.014028135321546977
ck_60b4d59953505682,0.8125419562070729
ck_fb00dd5021642507,0.03516979786223026
ck_f409ff994a210601,0.019164709036116844
ck_2ca0020038bfec58,0.21055030191282967
ck_adf84b9df54c3d80,0.017432207170919877
ck_942dbf632591b65d,0.03666496656220282
ck_454a7e4d859a3409,0.0027666160590520657
ck_2139062d4569aa07,0.007794787690459622
ck_e949a0f4df0b3902,0.06251701923535011
ck_bb113e3e6716ed65,0.017150911987394563
ck_6a28ea6ce69cb869,0.1384982850124065
ck_7df9910af2bba21b,0.006789238383707842
ck_78aa4b731cbfe251,0.006176300769094371
ck_5839f5cbd8165b1e,0.03871814146866516
ck_7158ad9e58769ffa,0.08276735817607167
ck_acee218cbe61df69,0.028323403310730483
ck_f8dc8473c2772729,0.07440201110832127
ck_f34c93a8173555b1,0.11020599687901914
ck_7cf301d075e4e709,0.01645572127765086
ck_b87e88ee5512ea17,0.004362797069848355
ck_bed0c020b10afa3b,0.008864765943631813
ck_ca10102961f99eb4,0.0039044363083198404
ck_393287947b5c8d79,0.017553026595542802
ck_2fe6cac002142f67,0.03617203182634964
ck_79c7f0d29b1db1cd,0.0490690535140133
ck_c735b643d3cbf67b,0.006169973261673947
ck_ea4332c8fe48e2a3,0.006134157942737967
ck_d39864119cdd460f,0.009767054004613454
ck_3b963d6be2773861,0.009392396392787912
ck_df39e3b8a9fd0bfd,0.5785491341199864
ck_6236a461dc0d11a3,0.003022223380342914
ck_475ebccca25e30d1,0.01447033973605674
ck_c10c8bcf5bcd516e,0.10617968837969761
ck_49ccc3716a564256,0.029511368696251795
ck_4e4f99102f6938cf,0.01218277641686483
ck_a97b481ade6f7972,0.04234174886638494
ck_3fa559c679751b3a,0.00994546991080456
ck_3eba1fd2c7acc4c0,0.5600092231297242
ck_18c179b4afc4fccc,0.015346518852891757
ck_cc1c0b93d05b7d20,0.027339057964296164
ck_742f7c28ddd019e8,0.030495118208912653
ck_04470bc93b8a0d71,0.00990534387380414
ck_6e8f8ef7a03cc6bf,0.01945998823582177
ck_eb1ddfc353b4da83,0.0048242411296324636
ck_98831b57c7ca2e4f,0.004835500255180347
ck_a6c7b8d6e8596d4f,0.19178576797964886
ck_cd7d24e3b095e96e,0.08915954626889126
ck_3f5ae4673a9f858e,0.009555614266144409
ck_05f375fc8ae0afb0,0.006998903945479313
ck_1fc98436281ee39e,0.0029985354849169773
ck_6c48c58678f64bae,0.0028652310636525756
ck_8c95aeec6a4c75b0,0.004255087751968989
ck_364cde38958b7af3,0.3433762604640002
ck_85bf21aa1a00452f,0.007580509205393287
ck_796d3eaabc667c23,0.9880084308095552
ck_ac449ee0c315edde,0.004799309114021252
ck_6f9fd15ac6b163de,0.0044585267186853786
ck_4087065be2a45ad7,0.21719536054911065
ck_ecf006bbc78ee3eb,0.26945785673402667
ck_8ca808cc5a49cb5c,0.027363094009234687
ck_94b90ab8b2dfb50f,0.026227213767304348
ck_59fd11b3232de9dc,0.862890435268206
ck_67f3794d93e2dd67,0.2367435568379774
ck_b7f5acf5df1bb13e,0.015393333335290407
ck_fb04ecbaebb774bd,0.009492411359653412
ck_68ef3e7301c621b7,0.01318591157573951
ck_41406cfa209b6bda,0.004420655493913687
ck_b0f8f5408662337b,0.005388840844030651
ck_0d2901bfe585c391,0.15220749764692262
ck_3398551e81dbf3db,0.045171725465243326
ck_61c3e3e277629646,0.007876288084717659
ck_2825e34dd3e7ea2a,0.00935507343275696
ck_20d7571ba830009d,0.010776653161420284
ck_c98b16f9a72a6568,0.002612599227191537
ck_e7c8a9e4641eb9ed,0.003105563460799908
ck_254a7c97c36dab8d,0.020866236324076828
ck_e98429675b46272b,0.006155935901436056
ck_c2fc0ac460786d02,0.056687483073393295
ck_fba15647b3a140d9,0.012728226159103054
ck_15ce50f2704227be,0.010812718641042267
ck_8c748aaa4a4554f9,0.011556952724899485
ck_e00e82a9419ff086,0.03245958318913879
ck_832341c98254bd84,0.018408521880180845
ck_27466468d06db4eb,0.02720950762250888
ck_9d7b9e3ff1f3e71e,0.014471791653621632
ck_42c6973d3a6fe983,0.0033786710357178013
ck_877c85bad118bc62,0.0453558454059221
ck_75d2a2715259c4d7,0.028367444861826505
ck_37d3e5c681a2214d,0.48425450930655733
ck_bf285dd49f372de4,0.012017639794558376
ck_a5bdd026fa9c50fd,0.00775395044418826
ck_88d9244a9cf7a77e,0.5732673401566759
ck_5881b174e49b04ee,0.004245520449603997
ck_5b16d67c5ea89930,0.013221428305883357
ck_b75b936aafac56b9,0.006024304234422171
ck_aed2681e1646a0df,0.05976304792456731
ck_f63cb5e8cc702bad,0.008300249685546808
ck_1805fcfc4a9e4ffa,0.7978695667250546
ck_25c355da356c730d,0.06211970579171928
ck_70396398e4a96449,0.0035878662689616046
ck_0f743bd13373748e,0.024244947334525598
ck_4b387765f0e916cd,0.0026296757544411113
ck_e971faae8a10a260,0.004324879908987317
ck_9eb08369e983abfa,0.0027755529528806578
ck_c30c5844512e429f,0.040237321662128775
ck_59e77e3a81f1fa0d,0.01508123466890559
ck_ca4465f2b5c1a52e,0.9832972864283065
ck_c89b9ca398402f1e,0.006000840609385661
ck_36e72ef9273e7a95,0.006993025290930435
ck_2bdd8616870e5e1c,0.0028284842853131373
ck_216e87a41de22b5d,0.10107986723136352
ck_60f4fb44f5efe3a0,0.0038088233906415775
ck_05652e8ace6ce6cb,0.0022769423584426737
ck_8c136dc691e65695,0.0025592316357154776
ck_a08f8dfadbdca112,0.005377752884982845
ck_bda4041a3e90d860,0.00643501101903557
ck_15dd3ecaa8ce0245,0.529060654600232
ck_3e3c64b3b7876ce6,0.03848625193769696
ck_46225858a38b2e57,0.007326273248390244
ck_0cb9f54928f4feee,0.0171112508439874
ck_152671fbf8a9a78e,0.0445709939702655
ck_ee7a515e87d17d4e,0.026575862773247833
ck_f7276091bf513d22,0.0028089333530940796
ck_4f05daf1cf0d5755,0.004698336726774062
ck_83a69c4a5d55ef19,0.025288912592738525
ck_c50fed2a7c9198c0,0.012965377443436503
ck_70d19d5650ddc8f5,0.011213121282319292
ck_4b4d99e443618904,0.017689078159381023
ck_dca0b6ca93311ca2,0.03072512058440781
ck_b7431d4706461ec6,0.00903529863963908
ck_7b59d22cadef3b05,0.18580732713129688
ck_53428573abcd606f,0.022198413985425342
ck_f538ab6aecf2adfd,0.0029278619443697676
ck_d321249fb065d2fa,0.04178793030171338
ck_72fdfc7e6d8e1436,0.0037531109348956076
ck_b52b99dad89ecdfb,0.01591861307906232
ck_d2d4282f9d256b3e,0.012990432222007018
ck_c8f2a1dd8a6141a4,0.0039953999361936575
ck_8d38747058d0aeea,0.326135479283284
ck_3ac528caac74f563,0.010308361882616192
ck_8dbaaa00ad829ca9,0.009328977652338971
ck_7c38ec898f0fc21d,0.0034885372669340954
ck_8171ef803f5ff604,0.026251714164044503
ck_01a750db6fc1168a,0.043013529055399354
ck_ceb017baa26e98c8,0.042368644022929496
ck_e2c66c72cc0b0f78,0.12288851064914663
ck_8d9518f64b222416,0.010642482204803287
ck_804c5a1fa5753617,0.008508878318443602
ck_fca7cc9c42695453,0.005355995297453622
ck_3a632cdf2c19051b,0.008936117541253178
ck_b2b63ea65edf1dde,0.027612220735887434
ck_27b07021500ee841,0.01464706658692369
ck_9724718fe64c6557,0.9503181827888044
ck_2786cbc3e75ec034,0.4224707750329487
ck_d9c2622cb6df380b,0.0171261837912923
ck_ae1da8ee98e402a4,0.010631669254273049
ck_62967b91504149f9,0.005060516478311108
ck_6b255bf68709109a,0.00647379590406333
ck_c55afc68421d85e2,0.02395661645618168
ck_7c7266f6ef2a8466,0.027107224997478453
ck_885cf685a9541190,0.8003043711013968
ck_1a4bb7d3d2ee3227,0.01669639839516735
ck_b4911c42f3bff740,0.0027931865531803535
ck_66f9f78d4c6a3edb,0.03266994101097496
ck_49bdba9ee1899dfe,0.021314422230711026
ck_79b235d51718435d,0.022634851920238255
ck_d840db8cfe2ef6f1,0.0033467989457845937
ck_610c7bcc1cd7ecb0,0.013719904094992377
ck_cf49b6544aff6c50,0.22626814027659203
ck_de05f97c3d40dd1b,0.037987479029545766
ck_0302f67d75973dce,0.014426177769622787
ck_54c2604c9ca6256b,0.01373424179780355
ck_a1c88c0568f142d0,0.1823625479953457
ck_5d72ff6cc2963d1a,0.005314696672653082
ck_0446920a1004c596,0.0031761942193419958
ck_71044c29ef071570,0.009295938019297748
ck_2122e9bb1afffef7,0.011416562899835591
ck_d1e3de178601d3c2,0.022462748410163595
ck_bec8324a3587ef04,0.003978815442114375
ck_b616b6f45225f319,0.14080514656884344
ck_ce1e695884511479,0.07497562537020604
ck_a662b4bf900781e4,0.0029763262638878626
ck_b5a84c5547378c10,0.002857856218472903
ck_f80af368cfc6cb7e,0.011907255912427245
ck_da3526ab6c5c884a,0.010735681563839644
ck_bd20be9a3392d79b,0.009678403286615608
ck_b8266dcd90cbfa62,0.0059999198864809115
ck_ac84b33304362c06,0.016224300104505436
ck_794d8935a895e33f,0.050709882703765155
ck_8fea7d915259f1be,0.010423615286151227
ck_7a1519ad5ff45312,0.002145371649263956
ck_9bf3ce30b65f75c7,0.046751078113378544
ck_5f864d72d1eead99,0.032502642377016486
ck_3c48e0cfc2a58041,0.4679910675138463
ck_d902183f80cc81fa,0.08647563240563275
ck_539cb0d117db8cd3,0.23773704621628455
ck_28f530aec8e77130,0.02751261137663399
ck_e7d903c50d353361,0.02340349777649568
ck_d288b77d1e227970,0.020947759931362962
ck_017208fcc01b5d40,0.006266287449054783
ck_7e3923d278a5106e,0.012573076610040501
ck_9700a00ff9e66216,0.02316376509968272
ck_5c36c78b7a4d138c,0.01934251612023346
ck_c457e9c9224b773d,0.023506537092403832
ck_1dfa91405d7e66bc,0.0037385855254246994
ck_f1d8a2695a575e56,0.0067413120877994935
ck_3b92a46daf8d00d2,0.01700105973374302
ck_aab23b5470469649,0.0194425751233709
ck_ecdd01a391610d99,0.006702986978363783
ck_abd3aa292f8edb4d,0.06975125140967246
ck_7fc9a0776e1339e3,0.003134017917094536
ck_c0389ebeb0e65cb8,0.0031411751480113544
ck_48d0fc4f6a2109fa,0.9871343908962303
ck_571dee4f3336c7ce,0.020695279459189548
ck_4cedf26628c84f26,0.029508333599594688
ck_63356762d24aab81,0.02499252626871271
ck_2c5bc11bb7ae5d2c,0.8835260114293207
ck_6d26a152f900fee8,0.009837406365875464
ck_c972b0e781efed3b,0.003171650847566442
ck_fa0ecbcf9a33d6ce,0.005219208275935849
ck_fa3a766e49dc77ae,0.010382844612472629
ck_7baf1e55db0dc558,0.014780328667400337
ck_e8bc49e6494c1f37,0.003950674824227833
ck_8ef1d05cc1e53e7e,0.053028291988747804
ck_cef2a485a77e0723,0.0068717695370467
ck_228a583f23abff48,0.02325430163097553
ck_ac32c6e374782b27,0.04270783097106615
ck_b9485218cef413f0,0.008693335900650514
ck_7f15503048915d6f,0.004733182308725016
ck_b62f5144db15ad34,0.10837256025267998
ck_917d82c552f95a23,0.009890131388494717
ck_fb4797045077bc6d,0.003231736043851679
ck_2cf8a44e041217de,0.02238121291736413
ck_b7dd681eb3d2ee38,0.0049502681279486194
ck_e9e8cacd2fa35e79,0.015536661183656882
ck_342a79f91de5d1fa,0.026070666514015774
ck_2c91f62c05685ed7,0.005989399106413784
ck_e30cb64302939f38,0.024264488115513398
ck_d0e95b90ba86da10,0.009029491259217422
ck_1774faf414a5d49d,0.5762878401837321
ck_2401e8ff89e574fd,0.7222347240850396
ck_0cd8802264e0a1ef,0.016617054623824953
ck_da84a0dfe947fd3c,0.006752123976616392
ck_c8affb27ba7fb5db,0.10517272788912578
ck_bc7ece8787ca7200,0.0034811251033792
ck_469a0578d05990c2,0.008297850485222937
ck_eef67f8dea702338,0.05421164473544184
ck_4f490e379e9ded9a,0.002513956758481761
ck_354379de065a8ff8,0.0057777780873366396
ck_5db1cb368bc41ac3,0.018504632562336847
ck_9b1c3742dd6fcb8b,0.021792171930348818
ck_63ce4f44c92d7143,0.025491169006670332
ck_e15e3390f5ed45f3,0.013320893986743252
ck_da645ea91d66aa6f,0.5154208230419152
ck_834ca727df855f07,0.06356405330350108
ck_e1d5ad20c737c745,0.0713571138117595
ck_ff8059ae5fa5f1ee,0.0018777465733147815
ck_8bb9e75393954a1f,0.0048033544077560235
ck_4e1757d1347ab387,0.9758897943327708
ck_af3f74b1d75a5d95,0.00824799899960234
ck_6b1ab0742ff04c3e,0.022031046323948103
ck_f56073911c9f1ab7,0.004541186988184826
ck_51bd5f69b4fe0b92,0.42155487206494735
ck_fc3d95030b81f416,0.001742418404702591
ck_cf78169633a1600f,0.003371194491565042
ck_ad7269eaa65c67f9,0.011966759880009751
ck_cc6d33890d47a6cf,0.010712646721078255
ck_bc8f31f4a2ffa1ae,0.004395427293872248
ck_720776a46e56dfa8,0.006769004525576092
ck_e2d1f212f259539b,0.016366822459683177
ck_eaf6f7082c3db2bf,0.06213259766026898
ck_773efe58c6278c3c,0.021559599408644606
ck_c4a72c09f2fdacc4,0.028010544385498257
ck_8982888dd6611143,0.002785396798252243
ck_9d5049e195eda029,0.015375375431961116
ck_de58ef6f9fe2b546,0.01185947895667753
ck_c0b50c11e4f5adf7,0.03145431169084531
ck_ddaf228487858bb8,0.05352044722440598
ck_eb2323215ff70362,0.035527988566875855
ck_168c96a1a636ea15,0.01653414608891536
ck_9c46711b14d9eebc,0.00666131544965927
ck_de8af660806b97b5,0.0038853859823388516
ck_6ab83f45bf16eaa6,0.004038604950274652
ck_bf2228a052815840,0.004110267984707881
ck_3f943f20a9da9bff,0.02440525259371462
ck_3baae40454c00938,0.013110196791467334
ck_bc2e771a1d8d2dee,0.050536130445907906
ck_e55f5ca37f30ce8c,0.00711492316188708
ck_4ad5937bef176d89,0.006874553206615043
ck_126531a9126c17c4,0.0033299039324021992
ck_7ec423cb56257516,0.02740768200041662
ck_54748ae0f2daaf10,0.02880426435673718
ck_ff24776280ceeeed,0.010477896250834572
ck_3c3a1a1365741bba,0.005802937798312779
ck_615277c8a4e2b18b,0.014383785541557113
ck_a96aaef34173aee6,0.056917022008953363
ck_bea56db7f3e930e8,0.0020135284523509424
ck_ca491debd3b32a59,0.03462617846212438
ck_d9ea77f4114a389c,0.002986014611922517
ck_322ffda3332d08a2,0.03846746074538711
ck_c40ffefe4e30b001,0.036010480031178876
ck_3b1d7648d4580bef,0.006777399797619076
ck_23981a3261674131,0.009210306995358705
ck_11667f5b9fac7bc7,0.0027110145859331482
ck_646bb3c7be5f0817,0.018788998445492092
ck_ebd0a45712dcf07a,0.025725352277582905
ck_baf43bf1bd963f9f,0.024225075361251232
ck_e0ca2c819658f6b6,0.9814866841974328
ck_f0d6633d0834fff5,0.024223483038828562
ck_91081be0254878a5,0.004501443024407072
ck_1325000bc7f35b5e,0.002782897972417801
ck_c624b9063400fa3a,0.1351556896738954
ck_0ad6fa0e23c3bd0a,0.47681611413105124
ck_6ddb55b1f23c6cb1,0.011913631187788517
ck_dce1fb3acd65562f,0.006867044949942482
ck_a9aa389688ee5aea,0.010272553100143411
ck_5c5284c45d9ad8bf,0.04950684575364366
ck_9ce743dd3e92549c,0.012152271555986024
ck_8342e08cc2f9bcb7,0.005095479762128484
ck_25e551a0a8d2fcc2,0.04175401612667199
ck_d4fd0e438c97e0c7,0.051002254311023426
ck_ac7fe1c344190c50,0.0092274244635774
ck_ddd65711b5651f89,0.0032812825192926067
ck_ec7406cb5cbc8f10,0.0038858619874658626
ck_1c65e8d5be3b9c60,0.39389570078436587
ck_38ee42f15a573e81,0.042245499897173015
ck_0e5385c70c6de025,0.0035333619157085863
ck_d3137f0f7629040b,0.006397242905044354
ck_9129c92c12e0c8b4,0.0032252447873392072
ck_c86520a00e50a926,0.034399567854314604
ck_87f82b2b5fee757a,0.02517893208932558
ck_643abfbd7548d0c9,0.024220461238117216
ck_be51f4e5e6b85768,0.11396302913032295
ck_132c16312f37810f,0.003098200845603193
ck_c78c096ca8cb33ac,0.0028120636245427193
ck_2ce5afbc014763b8,0.016168889202458757
ck_50ed8f4e7ae6710f,0.005854295569070631
ck_5a4eb535c9a11993,0.0074828840690015
ck_9b665ef46d785324,0.007518596614367049
ck_e066f71f8b296b7a,0.00493762561644537
ck_560bc6017870ab06,0.004624762970336077
ck_fd78f8a8663646d7,0.005989930113632621
ck_4af5ec61ddbde1a4,0.016797210221674123
ck_c2ed04a9d218410b,0.004062333174632041
ck_2455d43bbdd2bb69,0.01515288080299521
ck_56eed7041add49a1,0.16535386225129411
ck_5f0be7b468a72333,0.010438419362937086
ck_19660cec756632ca,0.006737019432074
ck_fb90408f4892a21f,0.01154317547417176
ck_833a65b86a5d9bda,0.006425687704717219
ck_2ac36e1dff211d38,0.023653442343027072
ck_c00e70606904539a,0.005242782435642526
ck_ba8affe4b9505a95,0.4268425379757243
ck_0c3dd22587b08018,0.07049016496765968
ck_618c4e5cfae99dcd,0.03542738534387536
ck_c9690baddfc4177e,0.004238224473832794
ck_59fae092fb0c4aa3,0.01610631152514141
ck_e03b7d0fa0b28f4b,0.00724041805268145
ck_d451d24c780b5884,0.011562977523719516
ck_e980d325b8dbb8dd,0.0019354584286201948
ck_cff18e2d8c520272,0.004689515714959561
ck_a0e46b67e986ab56,0.029924164665141955
ck_3a469039a5b9d963,0.008179047008798476
ck_12cbb211ebd2b437,0.03934277745055381
ck_b8cdd6d6dccc4554,0.0029481825255926646
ck_794ba5921cef50c9,0.021792519339821098
ck_2c7667f64edec2b5,0.019613976208117268
ck_7262b4e0c29c942d,0.007681350944335529
ck_5d818522cbfe2a54,0.06986898610853352
ck_de39c1947fb675ee,0.18574823414668126
ck_c021495606b4735e,0.007853567792016234
ck_1fc03ba33edd9e67,0.046040081511548016
ck_a6fe344bbf67f14b,0.01201259625040262
ck_963762210edc5694,0.028482968264937694
ck_d064428b7e7dc409,0.007253933015685519
ck_59be61b53d971611,0.011947969416167253
ck_ec8738ec663cd2eb,0.011480835664409298
ck_59d086fab5998646,0.010673783690915093
ck_bd32dd3b2cbb7888,0.9839213153292033
ck_ce0166addb93bbad,0.0026064624135845728
ck_7c0fdfbb447cdc04,0.016839576401408676
ck_cb1bd7635968ed8c,0.17519806420917422
ck_66f94903177f20eb,0.010567926082858226
ck_1d7cd5dcbcdafd7b,0.7598792678131936
ck_5e418a7c04437b4a,0.024306263591365906
ck_631ea1ae91ab333e,0.02092048958147062
ck_0a8029e79a5ae7ce,0.019540152149015343
ck_c4cca8278bdad9b9,0.0024676766817986286
ck_4dec3df58077a257,0.40280855364304247
ck_609c249edd88c565,0.007834588537488514
ck_02e5f9cbbbf2f078,0.1110293589070947
ck_32e486859130458f,0.8112720895595122
ck_21ed2ea6386c5a07,0.002380442167955142
ck_1242aa4496576a99,0.008932759820092744
ck_475ea9aa6d3898b7,0.12329720358637745
ck_fe1b1adae3be70a6,0.6737747350984739
ck_c5414d7a8031d4f5,0.006003224059119558
ck_ca1f6f01868e978f,0.05329649666571762
ck_5eff0208c74ec714,0.013037376470970257
ck_a315c9619a317609,0.019005412573644097
ck_2b87683c90acb852,0.016721466885514874
ck_7cd9f39c50748ed0,0.010168834166840359
ck_16a06d58d71935bc,0.298493261694632
ck_d116e0e7c19b878e,0.7360653341241177
ck_931510e384b1d0cb,0.005023170315979789
ck_e7651fb87bb24132,0.003803441858899869
ck_88ef9f85948e1a01,0.005376713896156437
ck_17bf38d51115a8f3,0.004906878202720758
ck_2659d1d3762a2825,0.0064553459564331865
ck_a7285955e2852686,0.011370207534506618
ck_f2c33d5b65b321db,0.046035245632351625
ck_83e5979334345622,0.014465190516242486
ck_629537d8b4d0f395,0.013390359380141749
ck_72022008a92c9386,0.02358813344241141
ck_2973b8274f0bf69b,0.05483791761833778
ck_565e3418d2f4061c,0.005873238019284187
ck_54bb53b8f8ea32ae,0.9358977117811214
ck_af0a6540ea7a36b2,0.009534938239819707
ck_888651bfc2c8cf70,0.013162828596887399
ck_1dedcb48ac381a1c,0.28549919307021543
ck_f73273e220296be8,0.03066576099152558
ck_8424bf65223a5a9e,0.00844200246187332
ck_337b930fd149a696,0.0060043316315565275
ck_8a4952de8a123ef8,0.017861638452348432
ck_884168153c9c0c81,0.0031063443522044154
ck_fdda581aec411010,0.002703434201985472
ck_2b7cadbc8b180d32,0.9261000317287474
ck_8aa8b9968233a1ab,0.005089011226016128
ck_0af18b3ce015d294,0.005100712628499993
ck_8dde670a735d1e90,0.12308076975225102
ck_62f46226f244139f,0.029613707083217526
ck_f948e8a8fdd79b4e,0.0215296027336279
ck_fa00aa0f3e859904,0.021646939707406023
ck_fc7935f784a4f249,0.007104708876798003
ck_e7501307c0698e5b,0.008807943015642715
ck_549ed417f2834cee,0.03861473044454314
ck_fb2a35571ec719d4,0.1156618463123678
ck_25822068c86c856f,0.0020574316756361254
ck_8f35d229b62c8f23,0.01496607420578366
ck_bdcf049c1e7d0c95,0.007035188330923521
ck_0aa9db36eb16422a,0.0028708977610602494
ck_42dcf92e9e016922,0.051499412100744706
ck_42341cf31c08c981,0.004541582075412361
ck_0b20bfc515ba42a2,0.018681395502274902
ck_0ec820b670d48098,0.004220754379768686
ck_1f0bafec397da8e4,0.01933891974784674
ck_82f07504ab59ed33,0.09662088896277758
ck_337b24a474010abb,0.9859458621383496
ck_703703bda38fdcf8,0.013605162354166905
ck_01e7960c63dca3a4,0.8280251810102047
ck_be5bd81e3715cb8f,0.7034890796218174
ck_197f8058cea1fbea,0.004597069058077288
ck_eb3fb1106f2f1b21,0.10346270193803038
ck_658b4b54be09a4bc,0.9676425992361191
ck_266ce7ccf41ccc50,0.02487970783662371
ck_110608c3b03d4038,0.5395219741831677
ck_1be8cb95d6d9bbf8,0.004460291609398861
ck_8e16a64a776afa82,0.08600195704891948
ck_34bd190d37eda534,0.04307155634605617
ck_4f521611ae14ae66,0.0026919770178901307
ck_d839798f9520363e,0.11715572521458369
ck_d1bbfd246c0ac9d5,0.02779227705235829
ck_f19030e6e85a6776,0.07419865506787082
ck_cdabe60ab59f9d5a,0.00971720041000175
ck_bb84b2b30293f566,0.3394991662592948
ck_427b91925952cb40,0.044187875266212644
ck_1078b1e155b5b640,0.013231857264848308
ck_95fdc264eac72fa0,0.003848624740956609
ck_e35eb857c61548b2,0.8149370574991176
ck_69bd0b1abea7e1f0,0.11196170111427428
ck_59de511b20c842ba,0.053918167113172585
ck_168e7ea341a36b80,0.004752347230829133
ck_4937cfa6526ea138,0.014624653615537504
ck_bb1a981306b750ac,0.09548935920737144
ck_f42a43e4c3f34ccd,0.004988944544132367
ck_c7ae1d4b3ab38185,0.0037347897738346848
ck_bd23cf9bba1dd33f,0.04809904452992051
ck_0fd826fad7ec7cd6,0.026632961251378852
ck_f143641bf3dd0414,0.04061369394255667
ck_ad6d48c20a3688a7,0.003723099828396821
ck_7bda5b5b927b2905,0.0407457815142487
ck_a337eb38eefdcc88,0.08019524858000836
ck_403da2a2d800df9f,0.1497101098167508
ck_aa01d5aafde73d0a,0.004117662304273883
ck_494954023f0eb309,0.03234217695105364
ck_1c6820fc38135ad9,0.02322897696089441
ck_0e0bab173622db9b,0.18433186371185867
ck_547090bf35a3b243,0.015567483222633488
ck_d69455220b21dc9b,0.0043356908886892365
ck_90b4ac695b9c6bf7,0.006417070227692191
ck_8d2afe17c0082e6a,0.032621828900677566
ck_926b81c0ba528eee,0.007572557538293341
ck_ce36b0c287bd198e,0.03227077400445544
ck_8026e017909aaa6c,0.008068868952558783
ck_dfba788f35d4c372,0.0073160794387915435
ck_f09f9d0e0886e0c6,0.01158103617538271
ck_4ffe0366df388604,0.011499185633931212
ck_75bb521de55644c7,0.01710721304470494
ck_81a960fddf79ecf1,0.8549042300666029
ck_8f43459991ea511f,0.011549580594764797
ck_f878b68d66fbfd4b,0.0025251850311148022
ck_e84abfc0c747c9dd,0.6496341717753705
ck_3ad3fd3cceb56b66,0.9023121457820017
ck_7cf562578c7f158a,0.005836234665568262
ck_f81a97d350397306,0.02609355898515463
ck_255d87b7fb40caa5,0.012634400397616142
ck_b3905153b9eee924,0.016618458780663422
ck_2c80a592fb4cd6a3,0.0028652092103990633
ck_57deb202d4188a29,0.019268504666035705
ck_e3cb5f31d8e94448,0.7298002191979448
ck_0db62d5f7f75f80f,0.02363811410436014
ck_ced9163ea85589ea,0.0937472811429651
ck_e16528edc694fb33,0.8764281389635635
ck_78cc5ec4940fec3b,0.0037744749907138463
ck_31742076e9a998f8,0.04776148437942553
ck_5ac335f02280271e,0.022397897681579623
ck_7cc2e091806cfa5b,0.04538237693393934
ck_3152c7115257f084,0.007074869896623089
ck_ab1b9d019921bca7,0.01218417828731363
ck_c33a762d98f9b290,0.004425801952984608
ck_b16a7c51b6f7a6b1,0.03390632682449056
ck_97402a153348e68f,0.0076030435502784655
ck_95391029a21caa24,0.06468784972064895
ck_c2015a1200971fe9,0.020910602610941933
ck_ed4427962c68918c,0.9531879098615765
ck_c5e4a17d3efb19a4,0.46394948259412155
ck_8aec3d3dd51517c2,0.0033011205880148554
ck_f5178a658225d8e4,0.005697046935372563
ck_8594f165e95316d2,0.004458068544935424
ck_f0c4aac04076a6dc,0.018008544046387413
ck_ac2f7397801036ef,0.032374237677102395
ck_d1ea4bcc407c7d5e,0.007415991613271045
ck_cce8b6657a538fe0,0.011184378013572586
ck_66d0c6d6b67a8d58,0.0032070634697045903
ck_1a6b30320835e57e,0.016164770223191714
ck_8cd274cc85aa35d1,0.039704601384483236
ck_ada46085a78280e4,0.01599829962748549
ck_ce1b06623e4a815e,0.003109454747327533
ck_45e70c8a9686580c,0.051451445764696284
ck_0084d8ab6b1044f3,0.00997696782186865
ck_a5f7b6fed6df2aba,0.026281067718897235
ck_94940d783e7988e6,0.008523052562998503
ck_00f9ca84d1d8ae7a,0.0055872377890389055
ck_0deb56f3f6452818,0.007232357400242875
ck_a58e900469dfc3f0,0.02090107860189072
ck_028c41b195280980,0.02256528466439879
ck_7661d7ceaeb19f97,0.019699134790285653
ck_6957905a65c47879,0.025829137785824546
ck_f7c6c26ef3c4ae06,0.012849108014294678
ck_8777beb11aabd66d,0.007879638499100464
ck_7db098a17374bbf8,0.9418252061924252
ck_66aeb00e44486cda,0.15871828703420846
ck_838c52cc1d315ec3,0.0740315443719381
ck_1745847cd4e5dc83,0.014764910346207348
ck_201687857ec8b3cc,0.022311003803536057
ck_81818169208a8cda,0.04783919634453896
ck_3303fd3f64632c7c,0.06395515500071004
ck_edf1096809e83ef8,0.0037053382771977776
ck_235ce9603c7dccbf,0.11014857394410492
ck_9df7e153868bca13,0.008293875859834286
ck_3cfeade2cf270fee,0.06832781167575747
ck_982b0bf2e2b6c4f7,0.0038908381982840443
ck_faeb0da678bb86c0,0.003945537305912884
ck_e86ad2fe815b6ed9,0.011686749274809767
ck_70d69e5d1bb99e85,0.04982161864806209
ck_7e9a8924eab779e6,0.9350441625288868
ck_019d5891103e7da3,0.008342800168361676
ck_14f0484b3817eda5,0.010046058110376534
ck_85de63d278f0fbae,0.002247474711504353
ck_ae91b4cff57fb3bf,0.011521359083687203
ck_2a6d43b9f883b78e,0.6172035763333773
ck_7a4e3d553e8ab5b7,0.21506672137376664
ck_fdf89dc69f700f84,0.2226073943308943
ck_f92e04024bf13558,0.002837631012057096
ck_4a522ca2dc4831a0,0.0016991238051951088
ck_68ba25dc3385fea1,0.016256941756446534
ck_22128a4f0d033422,0.014449585305451805
ck_5b52ee0a13c71590,0.010674341044520256
ck_59472d17debedafc,0.021762578127591962
ck_9dde2c63acda3ba3,0.007458007506254385
ck_7510b1023cd08531,0.008329224722581394
ck_071ddaaf2e4e3671,0.0079801852691751
ck_1355db6f4010232a,0.011393589240643277
ck_0a7adc2f27f98510,0.14085461442726335
ck_68250033717cd59e,0.005668853855540576
ck_7c12de74de30b788,0.32244036431647577
ck_65491367584c730c,0.012757229989220697
ck_e9047964952bee70,0.03951991489776798
ck_5567779d6ba184eb,0.013356954255727875
ck_d6ea026357ec6477,0.009229676936119105
ck_cd7dcc884e283746,0.062303689103811156
ck_0bd77fea8ed75a15,0.018123812514588472
ck_e80883208e8d0453,0.026072141115931077
ck_2ad0ecbacd5acf8e,0.90321091928925
ck_6c1dbee7e8fdd5c8,0.008139673721347685
ck_ee4d9a7449515908,0.00489628446053989
ck_636111f7f030496c,0.006525592624428362
ck_2c629c657f73941f,0.009383154940126625
ck_c1c9d3842d758420,0.11217655563102169
ck_e4df7faacdfe8c40,0.012172444133179302
ck_94e8142728e44380,0.030041477192810265
ck_765aaf42c5088545,0.015567474711044535
ck_e0f845159b6e6a4a,0.017909035267813372
ck_5bc07deb82edbad7,0.006597458010461862
ck_713159c5c6a7a4d0,0.9826419667183816
ck_b08afc91d9ca55db,0.02456092560105176
ck_a7bc323ffed2ea97,0.28791034205329247
ck_85ca825f905a34a1,0.026879125708943137
ck_33160c443d4b3f19,0.01798725639840793
ck_832d39c590a3ca75,0.7843640288127892
ck_7d1661a34164406e,0.9471147095042187
ck_c2466fc40fc9d5ed,0.9376798705641761
ck_ed0e776c0926ce67,0.062464148977342725
ck_cdd2ebeec75bfa69,0.3090923739130125
ck_d7877684c7923ec3,0.007889042429839937
ck_7384d4d2406aabf4,0.023667761828350713
ck_b8e5244e650aa81b,0.02052846140567087
ck_25a1ea40b2d59254,0.002978673258601479
ck_b9e5b318ee4de68d,0.008511040732598172
ck_620d7ae27af83cea,0.0145697531740663
ck_40b4e264d1a12b83,0.658649616218544
ck_b694c803b62862b3,0.0037005992344931915
ck_cbeca201dbade3e5,0.01970757551081857
ck_f9b439c9161c3e52,0.006914752485400971
ck_9880410fcd10a28e,0.0036141796419798785
ck_74928f5f91aa12b2,0.05971319204171746
ck_b6673bbe61d2680d,0.01837777132717394
ck_53c8315b5c30acb4,0.005106190010522162
ck_78f01d78ea79642f,0.008492422097155373
ck_8582490d6e365a63,0.008519939991326999
ck_af25c72d16299258,0.006650291839641667
ck_7905fe8e257b0449,0.19951812316044104
ck_0d16d9349e4a9e08,0.01837088572213962
ck_31b16b8848584e98,0.01989558520718871
ck_67207e3eecc02d76,0.02729391634628213
ck_e6b95ff91116a592,0.011057027835397325
ck_c08f622bcd6de6e7,0.01465130099918122
ck_f9a68da9e0f0bc85,0.004158776450420159
ck_4072b59388976896,0.009125708595896693
ck_8ec86e853ad52828,0.10046118997879015
ck_4fecb87eaffd5cb5,0.008695472729333081
ck_d6880578428b965e,0.1576130415697732
ck_bfc82b3c1c9f2897,0.8287928737547029
ck_c340644176ca03e7,0.019395430481828638
ck_321e740066fb05c3,0.3646632538242795
ck_8929d2eb09872052,0.06997735649585869
ck_205c107cec528414,0.32754188611711044
ck_e76db7d2562f9836,0.01571535097766102
ck_9ede51c8434cff6e,0.025869369890066933
ck_492e4b89c61b7b6c,0.01288596313736118
ck_9385f5a1eeebefcd,0.04451080831526855
ck_ee52c7bf88f952ab,0.009699147325046804
ck_d8116c34302021d7,0.0026664309195622623
ck_01645ea51972e99a,0.0264110014583844
ck_7b45ed23304a854b,0.011074211952182883
ck_2096d32f3d497ea1,0.1603814250325331
ck_dfbb2056f1ef7d3b,0.012961552985643422
ck_938ce30c864bc7df,0.0027416361942852407
ck_ff30dda2c881a4bd,0.5242085397251163
ck_f88c79186a082beb,0.024871113210385095
ck_08c7bb0f9851cb76,0.24064572811794832
ck_2675e7a008e584a7,0.026568236585700372
ck_cbaf8a954281d4e3,0.9518130422974814
ck_8b24eadf6c72b30c,0.7066087173954789
ck_ffc8e3c1377d0706,0.002807924861839147
ck_5b59e859bed5b40e,0.035666231350485945
ck_7b61717f172f9317,0.6314807417896191
ck_e5c30947b732f661,0.40307582815137405
ck_bc273f3ce79f7e1a,0.009505591441002445
ck_f69e93388b3028cb,0.16279828330694263
ck_3837ad850996ba60,0.020620718505606348
ck_36d78ff3bc033ee5,0.009264699047545032
ck_5e20953547ba4135,0.16767456537239697
ck_258d661e450ac870,0.08562872062471717
ck_1df66f537496ca59,0.0859194551395083
ck_361f535599110201,0.009041335022432255
ck_337e98c69f6e7886,0.009299813002118976
ck_d3d5b2717cfc3913,0.05536205297835375
ck_b1dba768dbe7affe,0.023768259723122593
ck_92d782bd9ce0d1e3,0.02927628785153315
ck_26bd0f8898afc8ba,0.0044068364209477
ck_7916e53daab36745,0.04555409778964735
ck_2caf553b31831a50,0.007718325749074034
ck_c6200734c7f9b2f9,0.846765096655176
ck_cdc55623cb16e6a9,0.005826325116400677
ck_57849e15b61c43b4,0.0026696452290456752
ck_b7af9b2ee0eebbc6,0.015181065847938782
ck_00aa5fc3b3bc66aa,0.05826191163754881
ck_9929723f65636c7f,0.9788281187999278
ck_8f6cce9f69912983,0.02050802064073506
ck_c422ba389ff00781,0.005612991147712688
ck_9ec7f334604a228f,0.038507728187374635
ck_5d01200ba3341462,0.013972568853283908
ck_2bf10be403849c9a,0.01042396398897047
ck_6ca018259f70858f,0.02131712501086191
ck_a54dc042ebb7c766,0.2693006556009508
ck_79da63fc100830b5,0.00917671481852601
ck_67ab6f9e05c85085,0.01815354287365404
ck_fa80da579ea9afc0,0.011127938499778124
ck_4339f86c87289222,0.7102051378375595
ck_a2299b4f530be0d6,0.40700479232762593
ck_19db0bf788697c2b,0.015356493755053125
ck_fa4211c4d826d830,0.002151836449617729
ck_96100d5e8e051e91,0.00733243982074919
ck_5c3a671883d58b3f,0.0022758406028639206
ck_2d9524787cfe1ab3,0.5694720180434228
ck_47ab8e51e5b3a2d8,0.0032295762866443745
ck_c924f36bc1bbbaa3,0.009988656631695214
ck_5c58e7f8fd55e26c,0.0035694685237184294
ck_a07e7409d6d5aa06,0.019369071286193862
ck_c8413898f5f7cb7d,0.014373819524956111
ck_577c816b41cab002,0.9132386951398909
ck_9f7807ed64cdb728,0.08638767969885845
ck_495d814d6d6d521e,0.0019340197838615752
ck_7aa8bc018c2b003b,0.004103926045934797
ck_7c3a6a82f3c3241d,0.011523379130761383
ck_487f7fbc290e4ae2,0.006458521178764022
ck_e556c4d36aadbe03,0.003251492398247949
ck_7e6569a1b2455cb0,0.003543572848171698
ck_de2924955926d046,0.015704318187966398
ck_73d60b4630e3937a,0.00466182679117784
ck_805ee564bd35ef15,0.02451546836846325
ck_0d40961e47797027,0.0031506768710562994
ck_f06d00a4f9c87d80,0.004639366749536906
ck_5ef50fb07b6737d5,0.011055074625375342
ck_16541fc15683e21c,0.0034998439620094034
ck_09fd43f1b7e2eca2,0.0056285006797151295
ck_2a2c336a69b8d68d,0.010717705129563495
ck_2685f38930866af0,0.016648397602656653
ck_298278a9da874437,0.005900385451417694
ck_00bd7803f2530c68,0.030842548900187707
ck_c2b4a1d8c0b6c1cd,0.0021091124818570606
ck_2acb54ca20c3af6c,0.04727243029215794
ck_e3d4b6f681c783ab,0.03770755125526466
ck_f90293f1eba5d7b6,0.05542070223837951
ck_e69d27e8965df0be,0.005275186912338809
ck_b7f5d10b427346ad,0.005273946341712002
ck_1ce20e4223a936b1,0.008886005993816115
ck_6b97d1ab90f6bdeb,0.038306819012513454
ck_e30e17db5473c7b2,0.005329339654052319
ck_154c8efb19dee665,0.005172537300018608
ck_6f5bb0c930644cae,0.9885550121657107
ck_9e17699baa83d173,0.0029279638505869824
ck_9693b1eb70880205,0.008371748727121504
ck_1e97899875bb427b,0.005657413780870071
ck_558a82590f65df69,0.0033282748040408066
ck_18df83242ff3cdbb,0.07129120659792906
ck_80ad4396e1084c68,0.04294586462757595
ck_0a993bc947bab61f,0.014185657906770956
ck_5c2d43ff841632f9,0.014806488481545817
ck_6e4b99fb9725d9fa,0.010405463549958796
ck_e0983999ca26c19e,0.03910277148095527
ck_6573c4947cc8607e,0.04058702673970811
ck_d879d645d6e44207,0.00977827855004733
ck_1375ad9f10688e4a,0.003815304646731072
ck_7501ebbf4e21f160,0.006114882062296656
ck_ca60d61cd4dc3bea,0.003312797561189338
ck_ab9ea095a5c58b4b,0.01439150037877487
ck_23756522b58df5d8,0.0058274713263078435
ck_90bc176c43d85fd5,0.23474680268902814
ck_908b663b2dda94ad,0.03435526088766276
ck_4df2fb8e4b649e27,0.004766733467526279
ck_5615c6bbdef05291,0.10854265693851395
ck_b62f3e3185251f71,0.0017826413413522528
ck_38d1a22850178f33,0.004294403432796737
ck_5b3ba20c8bb1383b,0.009290750379718361
ck_5576ffc6aaf6f22c,0.0023497194429641073
ck_cf7a022178165e56,0.004801965743610464
ck_f2c7a4c50e2ede96,0.0155929632030365
ck_285719c77eadf915,0.002546570301290977
ck_f2aa1b677619ab19,0.007619128093533298
ck_3830c58d841e9e69,0.7035501899335036
ck_32eba3510c8eac5e,0.00900533261385598
ck_8955d7b9030d5eb5,0.039594022229755076
ck_6775e387dace7525,0.05271533242717781
ck_0a0cd7f4be606a93,0.02789689717771837
ck_a9f700eee5d638df,0.006724614204074442
ck_3d7db96995745472,0.030645604234581802
ck_aeed557007d52e9c,0.0029421868748804245
ck_79b6a86830156b5a,0.017115930205905815
ck_6a1ff9d69466181c,0.988607429572374
ck_f11b1565f986f5e3,0.015006084732632569
ck_4819327a78615485,0.0032831529656340503
ck_3ed9e081959b2f5c,0.009026675600982553
ck_16af4be191c47d3d,0.0036838537565493973
ck_25122cc0e8b1a662,0.04819740827772028
ck_509c22828d467ba3,0.05822008265326359
ck_31109c899336348d,0.005197840971867653
ck_c51131e53baa59c7,0.004476276493605345
ck_cf8ecabbc61d3e11,0.005531432444233679
ck_eb6baff0f85ba936,0.02118893861901686
ck_777669e2243204f2,0.8018914123148907
ck_ac0ea27e692acdc9,0.02188437871193307
ck_4c6ea04ce8ca9e2c,0.008378694686035705
ck_ca54b32fca7e94cd,0.0035552681766782136
ck_4dfd8947f540eb24,0.007721664202717279
ck_95aff1fe27fb24bb,0.01960560202210012
ck_c7550723b90e5615,0.003427987121248138
ck_57b3fee69bdf85e8,0.005129976829876954
ck_f823407ace7ff064,0.040856374022883314
ck_a69084a068bcc8aa,0.05565240127974689
ck_c7b17f7b24bef5d7,0.025601831493866
ck_7c4e588f927c27c8,0.027810438141450407
ck_77fdac602d0c6f95,0.029922934669871334
ck_e963d8525018d072,0.009558379639337023
ck_6e8ebaea8f7bffaf,0.0031497545449463873
ck_aa42976a31cb7770,0.0034138034898992336
ck_22c862a496008c96,0.9899089588479059
ck_527550dd15f38782,0.013752196129141374
ck_b3ab3c210e2c7c19,0.028619266348211866
ck_ed9c56fdb9f45ddc,0.18176774234696044
ck_b53281da70defcfa,0.011579440497235636
ck_03009b721568ee98,0.035426708882945225
ck_3d9afd862b3f4053,0.13935386097898936
ck_ad3c4be96599554a,0.012440544646419124
ck_d1c787c27d50af49,0.023190781546049387
ck_c7a9c7b2eef46a99,0.005707679271731012
ck_53036d3c6c74446c,0.18708796319887686
ck_1b1efbd9c0964c8d,0.01587947777607981
ck_d66f42a269d5c1ed,0.14007823347318096
ck_fefc49a2b8ad993e,0.018769016378690512
ck_8b3b874249adece9,0.017344581173766888
ck_193d9c87ad3f1dad,0.0030523582333982003
ck_0c6a50d747593b7b,0.013498400737785158
ck_c830f3830875b47a,0.014636300672891872
ck_79e202f06d8dfe42,0.01641907355711187
ck_5c0fe988b8aa7fcb,0.22080846073524885
ck_a8382d8345f21e1e,0.005312380079828851
ck_8cb20053914692d0,0.02700610180448362
ck_1da2f69023ca4c13,0.0030267631634432013
ck_38abb60995114f8f,0.0210825668616495
ck_f5791fd8fd8fd191,0.023128461387228322
ck_a4e6fc391b674335,0.7294446621082996
ck_bd771efb4a7e15d0,0.011007851346392252
ck_38ba4a6b6a292054,0.15309500767923503
ck_f7a07283345a0dce,0.005869090996410882
ck_87dc484baaf5a23a,0.00214423072107479
ck_c84ef83489badbfd,0.038862311878281944
ck_a397cd64ec5d644b,0.005564318249111114
ck_7977135c2ff61e92,0.009800013069616548
ck_52174855b243a8b0,0.05039112663163374
ck_0f35e930d0614613,0.9699037390377707
ck_b170a7db522a0d6f,0.012606113267490737
ck_7af748a23775bd54,0.10434785953456334
ck_52f641c9ee6fda70,0.00520527299605099
ck_c3719a30414bbb4d,0.02024145912299603
ck_2baf214ad6bc0dbf,0.040778036785976
ck_8b39d8aacfdd72b4,0.005744011431688076
ck_d39b0152116203be,0.009627198190214993
ck_ed33f8a937f9c7c8,0.012890071999611997
ck_8ef97b55a5fd6ec9,0.0029918508491494603
ck_8247f008a14bd1a2,0.003269431191607928
ck_f0d349d68249d5db,0.005504431393190881
ck_a544e766540861fc,0.004267407302054902
ck_9dfaca4c7c80b10d,0.08706536129288396
ck_7e5401c362b2216a,0.0032674558690213617
ck_64ff60c073fdb6db,0.021601899664048452
ck_fc5ea49518e5d637,0.004067195895730337
ck_580f136ced341298,0.003916290523658643
ck_9cbef9bc95449dca,0.014849520451209228
ck_e475a3b8ba870a7e,0.007955987768225816
ck_97e94708bcf43563,0.0074906081878167415
ck_13f03ec785cbdae1,0.0025311948754974003
ck_152820d8817f478c,0.007278067711110824
ck_d20d4ba60eec9945,0.01741885781821853
ck_5c45968a805132e0,0.045619589127648956
ck_bebea2cf3063fb24,0.023923967490540838
ck_c3c69aefe7ea1d2f,0.01815556569831188
ck_02028b72f26fe855,0.008777461020652091
ck_dfadff70a58a9133,0.004692766017932376
ck_6482ed4491bedcaf,0.005329304291406519
ck_754cd7b4a5ae3f94,0.043996780799738046
ck_3132857aec8485bc,0.003572023846756512
ck_7ce4ca91b8f9f1c1,0.027934442013745762
ck_41938582f4351772,0.00709800532176784
ck_f87d66946252476c,0.3008241579068645
ck_8053f1879a9b4e43,0.007160469522526276
ck_93892e91387f5103,0.025456097209045014
ck_15254db133b28371,0.07628528648091265
ck_d557b9feb241b3ec,0.003955971630355208
ck_71c3a8e4c12c989f,0.010132246662380376
ck_80e3041811033443,0.018918102921523062
ck_3380d60067b4634b,0.004664865641374483
ck_a9c2cdc758df8510,0.029045717305603534
ck_3c0031d7514da17b,0.026030726071936766
ck_18d214b1418be39d,0.0069750727738179365
ck_7ce768407fd48321,0.021827496109095162
ck_7a50abd42298133b,0.009257972532722689
ck_2db10f987d137582,0.027148397527764524
ck_e077d004cd1d80ae,0.017870459172546455
ck_1cb6dc67f9a321b5,0.08333119378779293
ck_b864f64101149c35,0.11170170652777624
ck_9bedf54df9418e4a,0.006129231247367498
ck_c47e32c47f0e6578,0.19803428391120925
ck_71f382d5e338daa3,0.005029597544592385
ck_14b4bf7be6ac2b61,0.0490332899824245
ck_5c87eea1cc07cc92,0.06468634649260886
ck_5f445182829ef342,0.048048708013970626
ck_a5d7311291caaa54,0.0049284146722936755
ck_b7df99aecef385e6,0.04800124670778723
ck_3327a0582407068b,0.01958119576706578
ck_08dba09fd7dab896,0.017941186755779753
ck_f4ec334be5266378,0.0026671756530509787
ck_240f7f894c5a86e7,0.003537498169345693
ck_a9d994554fc14a02,0.0014268199583769286
ck_13648cbd306eee6d,0.023620300264025108
ck_601edf9105b3c321,0.9759990489865518
ck_9527adac182abe57,0.3885142195590241
ck_4e0e80f5cc271bf7,0.0027104047416282116
ck_96a89e720176b389,0.056861846602578946
ck_63560eec94b76d2f,0.028549031207601196
ck_c9c99e5b19aeced8,0.0037655830878622356
ck_bc32655ee5ed643e,0.01863950337977974
ck_edccb5a93b741744,0.006237924237074123
ck_f786cbc987b70930,0.003802127158487172
ck_0e8f26536ccc8947,0.010456409400016563
ck_b87ef4b98cfcec4c,0.025547706979668038
ck_1a9235812de4b2c1,0.013825944164479775
ck_d1ed88ea4211ba4d,0.003983359271153013
ck_a4ddac49657a4450,0.02275939811723579
ck_d9ffca35188e49d8,0.022917220546738285
ck_3db73bbe03c3d240,0.00514525561054149
ck_fffa0622344a36ab,0.0024876306629511556
ck_148c28df51bba5e9,0.9483192061956746
ck_076cbc25c8f15fc3,0.9534609993197407
ck_e5ca550b39ed45bf,0.3808636835816125
ck_8dacf3a2061ca17d,0.02699857335112174
ck_2d7394afd61643d0,0.005053789732951806
ck_e42206e91f6a1752,0.007421371396152118
ck_2f4f94827984c426,0.0031817325413758834
ck_edfe8e90e8f4366e,0.009109289613142987
ck_646b15f753e5e9c6,0.018925155623637245
ck_66600620149c8799,0.005355901852172487
ck_4ff6fc70bccfba96,0.22478209843173358
ck_41af3729590c2484,0.009421703551472937
ck_920a48ba8c583e96,0.005679219200832581
ck_0253b3e7be021306,0.0030648423834002034
ck_2ae6949246ea2648,0.013477399212752735
ck_db23a5100f338d72,0.018946278935768526
ck_fcb2a559474c3493,0.023973872193959387
ck_0a4d7acd2a53cbbd,0.004500552998597717
ck_c5d62b2b7a6f3bac,0.9795039051837318
ck_cf59f4fc0ea690b2,0.007304123142959092
ck_837be8126bb19250,0.0035343211939879438
ck_58955542edee1adc,0.01090423647113414
ck_1b93381d8eea58d1,0.012545251889507681
ck_97b8e05d62abdc14,0.022472794302732076
ck_71a0d645744302a3,0.007600980811688354
ck_a7b57882ab66b111,0.0047646365889932605
ck_65f76421be648549,0.011962186152609664
ck_b53ea8713d32ca7c,0.035874574477039525
ck_991c4c924a1d85ff,0.5050899743738294
ck_8432ccec1a4ec7fd,0.9876002581433733
ck_64c1633297f43788,0.017903427353498008
ck_4291fd9c1161d8e1,0.036483116236965936
ck_5e98ed6391d9f429,0.02551799889726314
ck_c7baebe4549fdbb4,0.03713663058597501
ck_6e67225ba59fa5ae,0.04896602143145115
ck_719602def4d35fe0,0.017918199062355956
ck_bdee7c86f5ebe81f,0.0340377400397177
ck_8de38f8c7f91961f,0.043344786301292314
ck_b0b5bf9254700402,0.006999459301267835
ck_7b55d9bb1a250d4f,0.10409768973537585
ck_3954b7b0fd1d6614,0.0026689214178606106
ck_f29471fe7c818d6a,0.006008479831019171
ck_9e65a8a2f587691a,0.01762572960111761
ck_eaec5f1a83b66eb0,0.2722908305686439
ck_004fe0daecbe2c1a,0.007588092633243343
ck_d17653a4a2d4a79e,0.020257682739875847
ck_0dd417fcbf19e424,0.019750961970395005
ck_4c99a6eadea143e2,0.2127811924788185
ck_74d602c907ee9119,0.0021365390185938845
ck_1aa87cb62acc0ac6,0.013910185635443086
ck_094974d75e29fb2f,0.2040880658258398
ck_5ef935ac3d4d3332,0.011055773939420697
ck_b26e4ae47c9107ed,0.1882992350236241
ck_396cea6f95186ad2,0.027872455887673123
ck_48446a9e8184c7d4,0.0024290915644130323
ck_31e1ede23247d56b,0.023089044440701423
ck_7afefa349b960a3e,0.010647570919986032
ck_f5e02a3432571b20,0.030426376244538887
ck_64eefec062592c43,0.011848796462981917
ck_a1201284122c141f,0.0294763476086997
ck_1b34c420a4c85a95,0.009457080490026182
ck_d637a011332ba67a,0.006907184727451881
ck_99c0004d8b7079f8,0.011365684832055523
ck_948517bad569b40f,0.08211855036204585
ck_a28d6b1601b472a6,0.02671435381172281
ck_a0b4209feb31f5c0,0.9902200870408954
ck_d6d2c1f6dfc455b6,0.3622940567100762
ck_3f9e6d356d3dd3cf,0.002973934955811818
ck_d08e00c842b75176,0.01873872698506151
ck_bfdd232a7c5f2660,0.030562008971831905
ck_2cdad03ed069438c,0.025528714729496235
ck_42317c3eabd0a285,0.41953083453554324
ck_3eb73e56751c704d,0.029300581685539014
ck_ef33c04f4c9e3758,0.03727178844320708
ck_1dc23dc870f1773d,0.017852942436482708
ck_76091f357974a152,0.006200696367743664
ck_4d9eb75e8eee90fd,0.10747800563146583
ck_578f67e69e5d2cfd,0.0039405420092766446
ck_3a8ce1cc724229b8,0.002670153183549902
ck_a96887f841e80fc1,0.01529711977616657
ck_d2d4a8f4a9f2c33f,0.01267783395871478
ck_11f85bc705dbe036,0.026676612476944306
ck_7429b3f87528e335,0.005044559265585526
ck_26df74feac7ec51d,0.017778129919288448
ck_c78b2638fadd91ab,0.028978612179196967
ck_7eaad325abe3b50c,0.008209367696867744
ck_fd44e34af620e606,0.04165348013691772
ck_f99738dff854e25f,0.0021612491014473545
ck_1ffbce3a239bb264,0.005253363038219786
ck_96c7d52ba0a766ef,0.047955622606355906
ck_cb1c00c300af3f9e,0.022265969987602514
ck_ec3d12848ced99f2,0.011655176658267817
ck_26cfd7c3c6c7bf69,0.014741660194621637
ck_7ae86b5a885affc3,0.028759156479089713
ck_3edaa94d28cd48ea,0.005031254832845634
ck_3209c530c9812e39,0.009908705768708012
ck_ea62ebfc1f04b49a,0.010486986137323477
ck_5fc90b4668ea81bf,0.01959365380355499
ck_95654593cdebd141,0.0022334603950054112
ck_958c0bd61820147f,0.047275401184095275
ck_8440ef1386c07194,0.005979846168268894
ck_8cd1b68dd74b1375,0.36776460071104367
ck_c9eb4df91ff07f2c,0.03505898909356403
ck_c29489366c01fe65,0.9131152893099924
ck_c965fd6bec0f0ecd,0.039324346991828685
ck_84c402b23766e1f2,0.013222130533079442
ck_181f3dae03b87136,0.02267124561994316
ck_022a8ae79eb28cf6,0.9305026106023524
ck_469c17407d17b706,0.016272333722624665
ck_1fcc5843f39148a9,0.004894403645706693
ck_5debd55f361b2ddf,0.004130504790835567
ck_28cb9b03e89263f1,0.003355670652637534
ck_f067470743d3c7a2,0.04142481967566177
ck_d5d225ce41a1a762,0.01850809533564259
ck_15b4840922195ffd,0.010145645429526185
ck_6bcfa37c717f19f1,0.023366951773143477
ck_8d501a0386c66be8,0.1413916223785352
ck_1a9d6190c57ea7e2,0.28738166253047165
ck_c49832eabdac5bb7,0.009679796829203514
ck_b4331140b2e0d4aa,0.009319521148922944
ck_5efbea1befdefe1b,0.157671063581489
ck_72ff52c4824072ce,0.026611113976107725
ck_ec3715add8bbb6e9,0.004204035189305611
ck_9822f8ed05335741,0.0059489557453414514
ck_c3d7d3d12a1981a3,0.008459068276824506
ck_a115a7919ac5875a,0.026092294454040797
ck_4dd4ed23e0b927b7,0.18051750159088878
ck_4c76efcc1ee6762d,0.01617533406613099
ck_3ad6e7bf452c9b21,0.02871005286473205
ck_dcbab304b55a42c7,0.018220038932880173
ck_24b53090faf722cf,0.00651570484091436
ck_187317383400491d,0.0052287630113559275
ck_e07fd57565c94c28,0.03913122479088512
ck_740e760fdcd27835,0.004441107503729022
ck_d3796aebda1cfed5,0.9311380039220233
ck_e541967c681cb929,0.026432442833332917
ck_431118050b834dcb,0.0022104365374929352
ck_90f3655f0c8a0074,0.0023728462347421533
ck_13cd943777651aac,0.04318452137472974
ck_66accecabf3901c0,0.04195847614976784
ck_937f0da2306b2eb9,0.007456493937560661
ck_105b0c93573fd5b7,0.08640096577450791
ck_00480407160e0743,0.004844593910284525
ck_e032068be7b77d15,0.0332601991588794
ck_991b7dfd69098320,0.0054273241894556784
ck_37d47cf0f34574a2,0.003645795629047257
ck_011551a596544f5d,0.005359941733734595
ck_9acd98f4fe2d474e,0.3674887856343993
ck_7c88d3d377bb61bb,0.037385010246766534
ck_e2374c7136c964fd,0.0423718288259273
ck_2fa8f2577116e9ca,0.06030215204087345
ck_d07c5b0321c685ea,0.2229517041670673
ck_bc736114a31088a7,0.03465690651118664
ck_32bb42f9bff197f8,0.029890105758902278
ck_66267bbad1f1415f,0.9627643410912522
ck_19988702ccd79201,0.0066009832541414236
ck_f473a03fbcdbc4b0,0.005687399060029134
ck_e3f1d85fa5d49396,0.01762566413771437
ck_c4402ea6291df271,0.01981597093891032
ck_243bd5ca8c4ae5d0,0.003521178261356497
ck_f271e855925e8d6b,0.14073973619653773
ck_e424148c6f2223df,0.004656166301456014
ck_e4d0a9e1102a58b5,0.013466232064116006
ck_91c2a5fe69b9b1d1,0.009793990308598313
ck_5fd8924732fe403e,0.13187484892156212
ck_9a881d5433126ada,0.009993776302523192
ck_73cab88b29c7845d,0.025891360672974095
ck_5b5dea6476d4e182,0.017721865722162645
ck_ccccb17d2ca6ce94,0.12210253946219007
ck_cd1dc68e441222b1,0.9266918752000037
ck_8312c49b1431a406,0.010504288382984454
ck_25fea39897f2a559,0.016347688592131634
ck_f56200205280bddf,0.13489138129308909
ck_7336611650dcc088,0.003354561140177343
ck_590716322ff147ae,0.025250606962711888
ck_c82364d87875a1a1,0.012661672081289856
ck_fa4b60387d744fc5,0.0032515689790868912
ck_d841eba8906e9a15,0.003958777720467442
ck_d6df562a79b9d0d9,0.01839989210540813
ck_59a14d2564193101,0.0038704079628075275
ck_8530158e3d7f59e7,0.014040789459863373
ck_ac68d707006c12a8,0.008341879177957052
ck_976fac1bb3dd8c58,0.031173297844184066
ck_f854fba8f4adae3d,0.07533471831837463
ck_b98e9c3ec6e7d1e7,0.008319702530625804
ck_803c0b4cf9d4bc1d,0.012198824704431573
ck_76997a33c3ea5107,0.0023195042979287516
ck_f1a9d832b700bda1,0.9703716251670165
ck_2bd96ddb8c323d63,0.9803693028262201
ck_9e5b7acf51b1b743,0.09975958540807528
ck_09169f22194fd6aa,0.03199215289470388
ck_6d69e092f9b0848b,0.025460160441629142
ck_9f83fa5a2d3b9049,0.01204429689097976
ck_57bbb19eecb4b87c,0.0036854379419079286
ck_e0e9cfabb979f428,0.005815619412513211
ck_b1ff9edc51d42f97,0.009089023343673529
ck_4682fad271d47eb0,0.8656177217451396
ck_ab33fb754c818ae3,0.02829006654777947
ck_b456f62b80e21557,0.002270040873400547
ck_16340be3f2a7fffd,0.0037024980825143003
ck_ce66831f6611014c,0.01259168336801473
ck_4610a073bb54d1b1,0.012712271383781577
ck_fd038a7d33a9d6e5,0.004451495120402205
ck_c8198cb4c461304f,0.037853679428904025
ck_1e7de58822000dea,0.0022835019975366868
ck_b2a79dd3df560f14,0.04807595793737263
ck_74a06f347b32347f,0.02687130077179782
ck_c6fdb2972417c9bd,0.02072739872408291
ck_d7607a213b800bfb,0.07257495073318662
ck_df65967b8b40319c,0.0023203459012907783
ck_329a73dbd585ee09,0.005393135602979262
ck_74991a9e85c3b07d,0.010347374675668972
ck_bb76609b79e0bc9f,0.00845535293102946
ck_f7fc1bd0b9ab1fa4,0.019781309097480163
ck_d111c98b36bdb791,0.005538409196805174
ck_f07e27d125497b66,0.01242226252461345
ck_093e3a7134e11d6b,0.026080282852252213
ck_862c7953bdea48b0,0.022172789021214303
ck_392cf2cdd515c34d,0.00867262094058982
ck_80eb91b0b4001084,0.1738890662891652
ck_5923f53b77193a58,0.04650505420813111
ck_8049f5fce32be185,0.8610583463785624
ck_ebc5a2c6cf88e252,0.0638500880132406
ck_9ea5872f14cce338,0.021052298283753837
ck_f7fbc95ebf584379,0.011378284427765542
ck_bafe82c870356706,0.9226306821727255
ck_278b36c5932d9bff,0.004968799342980954
ck_6a892dd5d05c1649,0.0038425188966639615
ck_0734fd90b2cabd43,0.008545484894335244
ck_9b552204498b6762,0.021117736055530637
ck_f6c909c205767956,0.03363795025684998
ck_32f590e87bc3d715,0.0016463557534558606
ck_66a8325f28be7562,0.00454081912375614
ck_b129261da9c3c3c9,0.00258129195729967
ck_a524071c51ddde20,0.013350217043380462
ck_ba576d6d4cb6130b,0.1579340809147939
ck_8d8226520722af78,0.03183891316767702
ck_c5b0f0d4f1655a20,0.03384858888702922
ck_61814ae9b6d8eab1,0.007158879107046508
ck_382ebf136f7fa337,0.19567920698432345
ck_423ff4ede6a9f066,0.01075391032676417
ck_546ad962d04b7de4,0.9381431940586755
ck_9473ea4a01c95f9a,0.04734195173868031
ck_9eb1da8cd35a50ce,0.012332970681371192
ck_de5eaa2cdbcb67ff,0.07881697065709004
ck_537cc97d0398c922,0.06722780505932455
ck_998475a2e4dfad4e,0.005297824617370125
ck_e62eb708d2688fae,0.009409743201315138
ck_ea623358f704daa7,0.12213592506720593
ck_b911a09f328dfd4b,0.004233117143736735
ck_4b3506b624e5193c,0.023579299664839223
ck_448456f96788713b,0.032832277899135315
ck_5d5ef9e75f65d076,0.041693716038173886
ck_3b74512f774a6e5a,0.004180296351463982
ck_a032e8ac1507c6df,0.7687600783341971
ck_7e2d6b22a0ae20c2,0.033639092088770424
ck_d80283209c963f11,0.007121305342110704
ck_d1157eade2ac3975,0.015687998944122844
ck_be48f583f79427f7,0.01679361869366699
ck_0027b5d4107d65d8,0.05342936118844033
ck_94fff69584dd3b2a,0.02587172258676177
ck_75fcda73f0b43557,0.012530501153390753
ck_a1c78972e4ee4082,0.021003665200719567
ck_f0982bbdbd122f91,0.016137495795441745
ck_3199b471575aeb3a,0.004902706458541096
ck_7fa947a0b1c1cf74,0.1507623089806869
ck_a60c618b7f0e4252,0.0053037125584415225
ck_722ac47c8ac9b6c3,0.11140768713059951
ck_d44dc3839a195c8a,0.28770572882291995
ck_a2c3e82fab520483,0.047120262509291626
ck_6f8ae0319c07cafe,0.00332945034668286
ck_49886ff1e2c759d6,0.019165503618645306
ck_150a1108f936e6b0,0.005651675119709802
ck_e21f9f96f597695b,0.019805508911072408
ck_7297bff2b7fdcbc8,0.002504383769486384
ck_ee949c71f4f702eb,0.9725883746254139
ck_6fc37dea4b4f35c6,0.06425112649880949
ck_e76257caa98dc25d,0.9793205274616549
ck_828eef2334e17b3a,0.022555571702818134
ck_604e1b8a8c693aa7,0.004470482108088237
ck_7743c9fe037d1f9e,0.010837351803870729
ck_864a11202e19e812,0.46177122250984
ck_4ec040b9e3785e4a,0.003477598601875015
ck_7346e4f820d9c00a,0.8992040034596643
ck_48d4d63beb26b623,0.0057212965978087164
ck_c423aa6de3ed1e01,0.004854474951148038
ck_d74b2ead8aaa3f73,0.04026155066726967
ck_1dd69a11daa7bf1a,0.01850959967974887
ck_d9143e236eef177f,0.006968197278013266
ck_f790d91e5ff0eccd,0.09861026355720581
ck_69b5620e00ef5dec,0.002693115840685083
ck_cd32e58e8a1c0e85,0.018119916538257782
ck_064013b0957d87a5,0.9844007671174532
ck_a481385c2e60dc4a,0.0035317547420890575
ck_d72035cb29db3aa4,0.014198621606250548
ck_3759939a0205306d,0.014168781615535106
ck_f437a53fc832ec95,0.7257915262472243
ck_260ef2f3e6434819,0.051933685552668245
ck_35e411b05d22f663,0.020498043480092813
ck_8bf46e472f3e20de,0.13157460634988452
ck_d546994fc5d3e9d1,0.016703799682986003
ck_6ff0fc7487e737e7,0.15027245103267858
ck_5c67f27816ae0b6f,0.024043214811058342
ck_c5517923458106ae,0.007208006704455667
ck_d9735647a6b0b0a7,0.7694988698479084
ck_541a734fc457246f,0.08672616770869648
ck_2f6a639468f41043,0.0068794027537325275
ck_bea2cf7a6b7bb900,0.006585654797664259
ck_7eebd0e6ad6c070e,0.007572656425810988
ck_b64c87d5e3b10e6a,0.8649742405562162
ck_9dd7daacb7833233,0.03297536348200621
ck_396e9ea9a6c6d7d9,0.01372357744414806
ck_1645e6cc53fa99ff,0.016795402469071418
ck_ea2a83ccb8d57490,0.0040376242127219105
ck_e64f0df63e1be595,0.07428154399011822
ck_fa0b234481cb57d3,0.034041162145995646
ck_63379e3c9fe6f711,0.04098356045705215
ck_c67f7944896a0310,0.03442701599413403
ck_c10e54c9db29e6ef,0.9882039439346623
ck_7184ad7709ae4c80,0.02145752286980929
ck_f8b6069d7577fde6,0.0059259256563565415
ck_18444be153bac1ca,0.7440224775874352
ck_d0982b4e0e118e4d,0.02385033935095924
ck_6faf3e6820398866,0.05649868642621798
ck_97e980463aca4644,0.003153429564386471
ck_630c835243c66b19,0.9789225025312089
ck_fe429ba3e1aa0e4f,0.011811754742078878
ck_1058129ed7b48c59,0.012064265722145265
ck_04a1a46f07885296,0.02292563321777254
ck_f01e94331067edf6,0.010916917016260495
ck_77b2fb17c29f5e72,0.023631735776196896
ck_4f0c5857da45fb28,0.20184683198291806
ck_2cfb9a7775e8a5bc,0.9053596670951095
ck_6846100e43659bf3,0.005303863063266342
ck_f89719a854fe11d7,0.06057475962733594
ck_bf47375e41ca3bc0,0.003654783102707504
ck_2770b0400a7bef08,0.04357712462904754
ck_2a09d142de1c77ff,0.016386903493275342
ck_857a1f5547b9ad68,0.03871516569331172
ck_185f15b1523bbcf4,0.004221209034542917
ck_ab2aed614ec1cdf8,0.013849589270649514
ck_a9e7f3b2d5dfd97b,0.04549448602113843
ck_0eeb3d9b3e697edb,0.01665661210326797
ck_fa5830d81bc8ddc1,0.0055146609617492326
ck_231ae0329ebc3220,0.011407278957608303
ck_1587763dd54688c9,0.010752525087902315
ck_9f85fea4490c00cf,0.012824759079185639
ck_a2d709e7eb91e4af,0.029870612495683985
ck_43637d28c7216453,0.006238103223033613
ck_f3ab5dd853d38252,0.02588473502366258
ck_4a1f0172d3bf4fd3,0.005002579407287508
ck_517620ca16505af0,0.01800015081888037
ck_9ae904fbef56065c,0.00635951098068285
ck_d5ef1f6e34bb35b8,0.04149056602873209
ck_ff42557857ae3aeb,0.002929510847460476
ck_ad9a18f58589faa7,0.00734926460744254
ck_df1a6edaa3e6b271,0.00511010726648377
ck_99021fe7225b5a68,0.04739933297637331
ck_99e52c3c2530b69e,0.9863818957919244
ck_3a4811dc4a1a891d,0.004992009932501362
ck_ba3a6be026c87079,0.00992460887330173
ck_da6d1e5cf6aba6fd,0.03073104005435755
ck_ddc7c1f3d45fe6e6,0.021815684644032513
ck_e1b1e7a7e4a15b3e,0.004570547000019925
ck_8288f7f226e08b89,0.011688295333829797
ck_c4524993ec31dbe5,0.004520538175799305
ck_8b19bb5b23b6741c,0.033475120027897994
ck_d21b38231a8a9f4a,0.031132211359281427
ck_3f730318a9792292,0.02965659671531177
ck_a4db6e94a8f77f9d,0.06636070994005629
ck_a8cac8d480306839,0.0031148699069389356
ck_5472214011fbc2a7,0.005204270316560093
ck_7356f47dbbbe7904,0.0059478237373074075
ck_16801e628e883d78,0.00885207595176623
ck_0dc1e536231c4860,0.021480087965116322
ck_7cd0634a6e60af83,0.013554042403946236
ck_ef6f8e048ae1bd4b,0.009232027995322047
ck_82f3f744209888ac,0.022170657171314934
ck_f33188c232a03526,0.19936053659604433
ck_4a59f4e10bf45d7f,0.005184982973611044
ck_d96c893721385e4e,0.0025568075686363476
ck_f65ab819373edb37,0.015112079881795977
ck_21cac21fc10b7768,0.006444135575158611
ck_139b54e6ccbdd7da,0.03742706055883924
ck_d6f5c8741697abb3,0.02430410480692038
ck_a28d9bb5590d458f,0.16846740019272227
ck_ed26d906883bea0a,0.004994200892908647
ck_227602ad072b838b,0.0025965207140351988
ck_39d5f6c17c745ab1,0.005417336279230618
ck_744eade757ba69b5,0.03955628130220655
ck_c1295d97cdf35ec2,0.011004638213394768
ck_69105f881da3c821,0.02626684974543521
ck_933789b55361d7c1,0.8739870691280763
ck_b667952253503174,0.005878379269535595
ck_7bf668e25abeeb05,0.006051981750454797
ck_91742711dfdffd56,0.02981177972284281
ck_af32a0660090dd68,0.07414866551801103
ck_2122f201e65f76ee,0.003867231957237184
ck_f48acb73a5d6af07,0.03651136718533613
ck_337c5684510cf432,0.07949288061057247
ck_f7bde7265053364d,0.014435934896316437
ck_c190c7b924edba75,0.04909016561939739
ck_044fa3b3a003f0b5,0.04027044578663806
ck_87eb43e3b9d96169,0.03691088273185891
ck_2d3d6c9364362017,0.002927707939612862
ck_ac55dc6cbcdf8228,0.006837042356752749
ck_61d7b0568ec5d6cf,0.01804230523322317
ck_89c74feeaffa7d09,0.004624786044680441
ck_93776b0c113f41f0,0.06328389825271134
ck_15e0b679931f7a8d,0.011655276704883326
ck_77b56c49cfdb1d81,0.1588282649585955
ck_73188a826b5f499f,0.00822665255116362
ck_4f463ef25325ddfa,0.2735819574855824
ck_863db2e394dc47d1,0.954694730820225
ck_d52432ed597f3cc9,0.00852988805749667
ck_04fb61e5739642f8,0.22797969349711683
ck_2e481d75d110c06d,0.13828157820821252
ck_3fa1a523d77cd619,0.01722203789576408
ck_466dc6274fecd708,0.025598750354046067
ck_e1790b3aa2241b10,0.7431699511420553
ck_84ad096a46e1a960,0.026875956671302294
ck_3be72c9c178fa00d,0.009562256523525997
ck_5a17c89219d1d9fe,0.016112950652077643
ck_4f639f4ee6ce8d9e,0.09732649459143052
ck_f4ec4a935e51b4db,0.016621567166300286
ck_f04040a830f92bac,0.006734667669121609
ck_3e4d02a04be2aaf8,0.04293940820911421
ck_4d1baef193cfb900,0.01784595616969736
ck_0fb3153d37626b75,0.002353835507920155
ck_88ec57a11b11f702,0.7514711728191381
ck_dca9dc465f759db4,0.008639520275012599
ck_64f5fba6af67e024,0.03222826151074174
ck_896096cb167254ef,0.03783437429892388
ck_7878679065876b98,0.030981137469368335
ck_fe8e5a6c880ceb4e,0.007844361159891499
ck_a5e036327d3d1862,0.0028360631336581785
ck_310f73940fc4cf4f,0.021152792401889553
ck_46a8db16ad00b749,0.048023293196139176
ck_0d33977c3de8cfaf,0.9889343600499496
ck_c6fff412f531db0f,0.002041877845977999
ck_bac6dadf428eaea9,0.03266870720613893
ck_1b96d9af0d7da2d5,0.00839140314921841
ck_fa8a4a9e77799fcc,0.005808266087510384
ck_0bf48607a874b4d1,0.0053968125717489095
ck_eeb75f8a6439f65e,0.014069520624263327
ck_a209a5f7d172125e,0.009558704216931923
ck_8f346b72fb40bf14,0.016582792921274493
ck_bccbf9fef367f00f,0.02387310913124656
ck_2d1548f1ee405cc9,0.011726127307928247
ck_e8298ff2dc1e9d50,0.008495205480039942
ck_77c0fb524edb4a94,0.008332220927668707
ck_28ac4c5134cb8e77,0.017296516745955216
ck_db23a0e3e54be60c,0.7689563323806233
ck_a059d00cee5cee99,0.0071742553227042245
ck_3e9e3bba8bd363af,0.005514328758035009
ck_0428728df24cdab4,0.026559628467541112
ck_88cd35378075c84f,0.005260617444278594
ck_0174d76398d9dc0f,0.018018048130123844
ck_3f1287e6c27de0dc,0.012094698454851956
ck_ff822700f3605e06,0.9924712941769418
ck_4563227b2038ae07,0.11165772862649803
ck_788e78065526ee19,0.018897413856388743
ck_8a16eb584093b12f,0.004008785782145367
ck_cc276f71ab6c08fd,0.02878373066791876
ck_d61d97b21002f3e9,0.04692255106507532
ck_4b2e87d86a5e415c,0.03271643706933438
ck_3e6f35e4500d2f2a,0.0020334135182116615
ck_3acdb083e0d8ad61,0.0032628750521267384
ck_cd655202db489010,0.004096617518344433
ck_829cbf5ccda481ae,0.010090079116974585
ck_f5882e6f98b8b4cd,0.0020946950290706245
ck_767947540b234add,0.008751751182487963
ck_a6e8e8f535b1f1d1,0.06128435986451236
ck_58412a2674fea506,0.04121970358397947
ck_fae7e518a585fa61,0.01808150365184542
ck_9c60ae6958d68dbd,0.31447023938145163
ck_328696b8f5e54ec6,0.044780852725459036
ck_7df3f8f4f1068d62,0.005918887312509808
ck_cfadd21458230ef7,0.03269833737492387
ck_7048bedd554c703b,0.0032864818099520316
ck_50422466f145bfd7,0.004940056142480289
ck_61e1f7168cd9ff25,0.05587669126253286
ck_733aff0f56f5b3c9,0.07637962696090683
ck_e14892e424180549,0.0031638242327773256
ck_03f6664a96de7d0f,0.018045750926875836
ck_b7f4baa2cc82fe61,0.008669360205870747
ck_1e51199a075ca0fa,0.007393063632852918
ck_0e70516fa07cfb17,0.7374609700362813
ck_0f37c554a5057801,0.6369113779941584
ck_5576b725de38d106,0.009287408544081149
ck_82f360df1e9f4eb8,0.04753095189438339
ck_395f3bd4aacd7ca6,0.009224853977555026
ck_5e8e857b63966609,0.18569440545466476
ck_93470896f0804b6b,0.9297776177015638
ck_3be854e42e76569a,0.0104357510020254
ck_0567302c57a2417e,0.3231657685262262
ck_ee535461b5f05539,0.4066105656333557
ck_94a096c36162a153,0.006222021570449026
ck_dfc8f5c141fd7c63,0.0212318426032052
ck_98b34f2d704c1c2a,0.02196048683260991
ck_96dff7a09d45f116,0.07098186599450916
ck_79557434c129ba52,0.006339306598509027
ck_4596624a7c01d501,0.008992319382737817
ck_04e89fbd739243fa,0.0032216977688369537
ck_6149ffaf18872dc8,0.002938152376418859
ck_cd78f0832a09bd8f,0.6945281099986872
ck_7e29c10d781c3b41,0.009622088402795619
ck_1f7ee7b23fc6f2f4,0.005151712759287602
ck_c49b685d2b3ab89a,0.00834826639457038
ck_84569a8fc50e73ac,0.01675202721197182
ck_b92b11d205af91eb,0.004485678519517623
ck_06280e6d6d2485b0,0.007085737691841256
ck_3c08546dd0c92863,0.008926870082402973
ck_99d3983f907828bf,0.003667360400808019
ck_eccfd552aa652d3c,0.022172331556054244
ck_0cff8153881875ba,0.006141169399973239
ck_c1aebbeca6ab5ff9,0.008680978103031077
ck_538fdbbb3c2bcbbb,0.025134637214310786
ck_8c0210322733c718,0.008539054629539395
ck_0b0c93039f987abc,0.01603533603037667
ck_6d07d6d1bd227d37,0.22349612458116253
ck_9b6ee35e8cd0b11c,0.005554927425233822
ck_d838491d3d4f5ecf,0.006428303573348005
ck_0593ae243a9ebee9,0.017820597272322335
ck_ef261fc09be8eb0b,0.004893759127079373
ck_d0935b571a4a3868,0.008942871627592877
ck_97d04a67a104af39,0.0386108048170881
ck_e25f70d0b7229420,0.016113920133837445
ck_9b71274ff83de482,0.9847649439389351
ck_6de2aa2bb60978d3,0.016944345920113756
ck_eda55c8fb47593d7,0.012309741220227757
ck_924e572517515f19,0.27716379759857307
ck_d6f27eacbad310f4,0.01766310526664848
ck_8550f229b5eb03ab,0.005034681012792007
ck_e3e95546a84d0ed8,0.027363743308861
ck_3135c019696ee6af,0.8992745039589958
ck_41ba315d8fccb559,0.008774246199511577
ck_72b86e4485da2d0f,0.8949067073223105
ck_daaa995f3c2f0e47,0.029405786105623725
ck_053746067839696b,0.020249411715811714
ck_a15fe7d0f4b65c33,0.6508124125092578
ck_15de11438732bb05,0.011246635225595924
ck_2c4d25acbe3fabd9,0.15972371493152424
ck_7f08078908599bd2,0.021603027000773725
ck_e794741742fb2619,0.015849142845453204
ck_238e53b6dee8c301,0.004462565552638467
ck_53a6a33060d5c8b8,0.003480852364487885
ck_0e0919292ad33472,0.6710917534452678
ck_d86ccf148c06c8c8,0.058163964532989464
ck_c881f26c9bf9ae42,0.5935881046400917
ck_4b0947bf94e9d847,0.03901570828374532
ck_e10ff5c38bd18470,0.01631877866343208
ck_b60de9e97aad9e45,0.5397797297092842
ck_190bc849e5ff5401,0.024794012940533613
ck_e7be077aa0b2632c,0.0034517761944972162
ck_a51abde881ebeff3,0.02991083102987767
ck_2208392a9f6bd249,0.021437220601710084
ck_0259da8f109017e9,0.003708366774612188
ck_05e01ab9c95449da,0.013518777155147007
ck_c82897ebffb6ae66,0.00803473756545992
ck_b4a6bb4689cd7cfa,0.015539163501187307
ck_9e21ea33018ce538,0.008872363294944063
ck_caa348f0e65db062,0.9321719306273648
ck_a964e6b5d8415334,0.6486126335267813
ck_510bfbbee37ff436,0.008635043776899184
ck_9741a82faf5c7889,0.013496363157027968
ck_e7f61b4a39ba98ac,0.004899913633618562
ck_069d158665a53909,0.03170775873786931
ck_6426427efe3228af,0.017879388915009953
ck_ab4a8d02ec3c0fd7,0.0024481366143782476
ck_aefa0d8d933e0eca,0.020657063852229905
ck_232325ef6bce92f1,0.008936184157532051
ck_14e58c3fb26a2b4d,0.011156986882473375
ck_06e73afdec26aecc,0.054472264232394395
ck_3168f4f2778d64e1,0.015834962153888885
ck_ff3998d6858daa21,0.0025845419647020267
ck_bccff46fb0868454,0.3452671263752624
ck_c7d444d90fa86d7c,0.6068721887767229
ck_f0bc3bdee6bfbb94,0.012882746917292598
ck_f7112818a6d81422,0.0290643516331854
ck_aca35dbcb835ad02,0.11585955532965524
ck_f637fabf0f60528f,0.02090352125051939
ck_53d17ab97de1ac3e,0.006452652313577318
ck_c8c1bf16d9113493,0.010898244997709448
ck_e842fb0cf055a83b,0.03895860070864855
ck_93c0cb3dac4891fe,0.010778078271747454
ck_0c1f088e17e46daf,0.019430161274670087
ck_8f4b384955bf57c9,0.006900994318151165
ck_09cd5c4df1e81ac2,0.2191968616362139
ck_1e832a5b2342554f,0.06779186517589986
ck_2cb763a881aee27f,0.0057732742337110385
ck_5875828b11406398,0.028032229782395432
ck_48e84b0cb0b90fa7,0.026070666514015774
ck_833688de8629c5c0,0.003151730439013268
ck_117d78ccd5820f36,0.0249503930247708
ck_668ec61c4c39cae3,0.0030066108404179976
ck_73a7794b659d7a34,0.004846868182516367
ck_10f90d879209734f,0.018494642085387387
ck_d1d079913aa158bf,0.006837132819339447
ck_01c631b38e8a9535,0.006310491312437196
ck_f6923088c17a04e2,0.08329825394013493
ck_b447badc9138987d,0.0023312300675428603
ck_8b772caed8f1541c,0.015656164976504447
ck_5403c76fe68a08ba,0.2624807697009784
ck_3e6833574edf1736,0.010904924622183135
ck_e527fbb9450a4581,0.8610176335787147
ck_cc90e219f1ebf390,0.004419248344686014
